,consumption,year,minaddress,maxaddress,minweek,maxweek,minweekday,maxweekday,mintime,maxtime,orig_pid,orig_address,orig_year,orig_week,orig_weekday,orig_time,delta,k,beta,tau,mu,l,dp,tkc,norm_il,tuple_count,cluster_label
0,237.536656891496,2014.0,10553109870.0,10558101067.0,46.0,46.0,1.0,1.0,0.0,0.0,190.0,10557107078.0,2014.0,46.0,1.0,0.0,10,10,200000,0.0,100000,1,False,50,,17,22
1,19.9146514935989,2014.0,10553109870.0,10558101067.0,46.0,46.0,1.0,1.0,0.0,0.0,2.0,10557107834.0,2014.0,46.0,1.0,0.0,10,10,200000,0.0,100000,1,False,50,,17,22
2,45.8071625344353,2014.0,10553109870.0,10558101067.0,46.0,46.0,1.0,1.0,0.0,0.0,237.0,10557102951.0,2014.0,46.0,1.0,0.0,10,10,200000,0.0,100000,1,False,50,,17,22
3,382.207578253707,2014.0,10553109870.0,10558101067.0,46.0,46.0,1.0,1.0,0.0,0.0,98.0,10557101360.0,2014.0,46.0,1.0,0.0,10,10,200000,0.0,100000,1,False,50,,17,22
4,69.6167883211679,2014.0,10553109870.0,10558101067.0,46.0,46.0,1.0,1.0,0.0,0.0,256.0,10556110574.0,2014.0,46.0,1.0,0.0,10,10,200000,0.0,100000,1,False,50,,17,22
5,102.5,2014.0,10553109870.0,10558101067.0,46.0,46.0,1.0,1.0,0.0,0.0,236.0,10558101067.0,2014.0,46.0,1.0,0.0,10,10,200000,0.0,100000,1,False,50,,17,22
6,37.6107298814722,2014.0,10553109870.0,10558101067.0,46.0,46.0,1.0,1.0,0.0,0.0,156.0,10555104769.0,2014.0,46.0,1.0,0.0,10,10,200000,0.0,100000,1,False,50,,17,22
7,260.252365930599,2014.0,10553109870.0,10558101067.0,46.0,46.0,1.0,1.0,0.0,0.0,189.0,10554106152.0,2014.0,46.0,1.0,0.0,10,10,200000,0.0,100000,1,False,50,,17,22
8,76.6721044045677,2014.0,10553109870.0,10558101067.0,46.0,46.0,1.0,1.0,0.0,0.0,58.0,10554101829.0,2014.0,46.0,1.0,0.0,10,10,200000,0.0,100000,1,False,50,,17,22
9,12810.8108108108,2014.0,10553109870.0,10558101067.0,46.0,46.0,1.0,1.0,0.0,0.0,370.0,10553109870.0,2014.0,46.0,1.0,0.0,10,10,200000,0.0,100000,1,False,50,,17,22
10,248.855633802817,2014.0,10551103245.0,10558106828.0,46.0,46.0,1.0,1.0,0.0,0.0,324.0,10551103771.0,2014.0,46.0,1.0,0.0,10,10,200000,0.7133036818794003,100000,1,False,50,,21,8
11,302.349336057201,2014.0,10551103245.0,10558106828.0,46.0,46.0,1.0,1.0,0.0,0.0,148.0,10552107459.0,2014.0,46.0,1.0,0.0,10,10,200000,0.7133036818794003,100000,1,False,50,,21,8
12,149.804597701149,2014.0,10551103245.0,10558106828.0,46.0,46.0,1.0,1.0,0.0,0.0,245.0,10552100728.0,2014.0,46.0,1.0,0.0,10,10,200000,0.7133036818794003,100000,1,False,50,,21,8
13,62.8800611153552,2014.0,10551103245.0,10558106828.0,46.0,46.0,1.0,1.0,0.0,0.0,321.0,10553101264.0,2014.0,46.0,1.0,0.0,10,10,200000,0.7133036818794003,100000,1,False,50,,21,8
14,68.4600577478345,2014.0,10551103245.0,10558106828.0,46.0,46.0,1.0,1.0,0.0,0.0,311.0,10551103245.0,2014.0,46.0,1.0,0.0,10,10,200000,0.7133036818794003,100000,1,False,50,,21,8
15,39.2334905660377,2014.0,10551103245.0,10558106828.0,46.0,46.0,1.0,1.0,0.0,0.0,170.0,10553106780.0,2014.0,46.0,1.0,0.0,10,10,200000,0.7133036818794003,100000,1,False,50,,21,8
16,47.9414225941423,2014.0,10551103245.0,10558106828.0,46.0,46.0,1.0,1.0,0.0,0.0,179.0,10557109015.0,2014.0,46.0,1.0,0.0,10,10,200000,0.7133036818794003,100000,1,False,50,,21,8
17,61.9946272666219,2014.0,10551103245.0,10558106828.0,46.0,46.0,1.0,1.0,0.0,0.0,296.0,10555100143.0,2014.0,46.0,1.0,0.0,10,10,200000,0.7133036818794003,100000,1,False,50,,21,8
18,431.578947368421,2014.0,10551103245.0,10558106828.0,46.0,46.0,1.0,1.0,0.0,0.0,86.0,10558106828.0,2014.0,46.0,1.0,0.0,10,10,200000,0.7133036818794003,100000,1,False,50,,21,8
19,57.7842003853564,2014.0,10551103245.0,10558106828.0,46.0,46.0,1.0,1.0,0.0,0.0,184.0,10556103723.0,2014.0,46.0,1.0,0.0,10,10,200000,0.7133036818794003,100000,1,False,50,,21,8
20,123.373493975904,2014.0,10551103245.0,10558106828.0,46.0,46.0,1.0,1.0,0.0,0.0,295.0,10555102572.0,2014.0,46.0,1.0,0.0,10,10,200000,0.7133036818794003,100000,1,False,50,,21,8
21,24.7718383311604,2014.0,10553109870.0,10558101067.0,46.0,46.0,1.0,1.0,0.0,0.0,149.0,10557106623.0,2014.0,46.0,1.0,0.0,10,10,200000,0.8566518409397001,100000,1,False,50,,17,22
22,208.061002178649,2014.0,10551103245.0,10558106828.0,46.0,46.0,1.0,1.0,0.0,0.0,325.0,10551105870.0,2014.0,46.0,1.0,0.0,10,10,200000,0.8566518409397001,100000,1,False,50,,21,8
23,39.4365192582026,2014.0,10551103245.0,10558106828.0,46.0,46.0,1.0,1.0,0.0,0.0,167.0,10557101357.0,2014.0,46.0,1.0,0.0,10,10,200000,0.8566518409397001,100000,1,False,50,,21,8
24,297.340067340067,2014.0,10553109870.0,10558101067.0,46.0,46.0,1.0,1.0,0.0,0.0,299.0,10555101611.0,2014.0,46.0,1.0,0.0,10,10,200000,0.8566518409397001,100000,1,False,50,,17,22
25,102.628285356696,2014.0,10551103245.0,10558106828.0,46.0,46.0,1.0,1.0,0.0,0.0,72.0,10557107636.0,2014.0,46.0,1.0,0.0,10,10,200000,0.8566518409397001,100000,1,False,50,,21,8
26,26.7489711934156,2014.0,10551101523.0,10559110024.0,46.0,46.0,1.0,1.0,0.0,0.0,24.0,10559110024.0,2014.0,46.0,1.0,0.0,10,10,200000,0.8566518409397001,100000,1,False,50,,23,5
27,28.4853168469861,2014.0,10551101523.0,10559110024.0,46.0,46.0,1.0,1.0,0.0,0.0,270.0,10554102712.0,2014.0,46.0,1.0,0.0,10,10,200000,0.8566518409397001,100000,1,False,50,,23,5
28,51.2214342001576,2014.0,10551101523.0,10559110024.0,46.0,46.0,1.0,1.0,0.0,0.0,66.0,10556106557.0,2014.0,46.0,1.0,0.0,10,10,200000,0.8566518409397001,100000,1,False,50,,23,5
29,97.0464135021097,2014.0,10551101523.0,10559110024.0,46.0,46.0,1.0,1.0,0.0,0.0,35.0,10554101846.0,2014.0,46.0,1.0,0.0,10,10,200000,0.8566518409397001,100000,1,False,50,,23,5
30,6.21820237422272,2014.0,10551101523.0,10559110024.0,46.0,46.0,1.0,1.0,0.0,0.0,7.0,10557101666.0,2014.0,46.0,1.0,0.0,10,10,200000,0.8566518409397001,100000,1,False,50,,23,5
31,132.113821138211,2014.0,10551101523.0,10559110024.0,46.0,46.0,1.0,1.0,0.0,0.0,4.0,10554103167.0,2014.0,46.0,1.0,0.0,10,10,200000,0.8566518409397001,100000,1,False,50,,23,5
32,108.179419525066,2014.0,10551101523.0,10559110024.0,46.0,46.0,1.0,1.0,0.0,0.0,87.0,10558102330.0,2014.0,46.0,1.0,0.0,10,10,200000,0.8566518409397001,100000,1,False,50,,23,5
33,135.711060948081,2014.0,10551101523.0,10559110024.0,46.0,46.0,1.0,1.0,0.0,0.0,292.0,10551101523.0,2014.0,46.0,1.0,0.0,10,10,200000,0.8566518409397001,100000,1,False,50,,23,5
34,46.1304115446285,2014.0,10551101523.0,10559110024.0,46.0,46.0,1.0,1.0,0.0,0.0,251.0,10552108628.0,2014.0,46.0,1.0,0.0,10,10,200000,0.8566518409397001,100000,1,False,50,,23,5
35,54.6005917159763,2014.0,10551101523.0,10559110024.0,46.0,46.0,1.0,1.0,0.0,0.0,183.0,10553101866.0,2014.0,46.0,1.0,0.0,10,10,200000,0.8566518409397001,100000,1,False,50,,23,5
36,46.0992907801418,2014.0,10551101523.0,10559110024.0,46.0,46.0,1.0,1.0,0.0,0.0,71.0,10551102840.0,2014.0,46.0,1.0,0.0,10,10,200000,0.8566518409397001,100000,1,False,50,,23,5
37,38.1679389312977,2014.0,10552108531.0,10559110871.0,46.0,46.0,1.0,1.0,0.0,0.0,56.0,10559103966.0,2014.0,46.0,1.0,0.0,10,10,200000,0.9044345606264668,100000,1,False,50,,17,16
38,66.7454223272298,2014.0,10552108531.0,10559110871.0,46.0,46.0,1.0,1.0,0.0,0.0,145.0,10558100717.0,2014.0,46.0,1.0,0.0,10,10,200000,0.9044345606264668,100000,1,False,50,,17,16
39,87.4544508068714,2014.0,10552108531.0,10559110871.0,46.0,46.0,1.0,1.0,0.0,0.0,221.0,10557109051.0,2014.0,46.0,1.0,0.0,10,10,200000,0.9044345606264668,100000,1,False,50,,17,16
40,318.076027928627,2014.0,10552108531.0,10559110871.0,46.0,46.0,1.0,1.0,0.0,0.0,226.0,10559100528.0,2014.0,46.0,1.0,0.0,10,10,200000,0.9044345606264668,100000,1,False,50,,17,16
41,75.9913793103448,2014.0,10552108531.0,10559110871.0,46.0,46.0,1.0,1.0,0.0,0.0,297.0,10553105723.0,2014.0,46.0,1.0,0.0,10,10,200000,0.9044345606264668,100000,1,False,50,,17,16
42,106.382978723404,2014.0,10552108531.0,10559110871.0,46.0,46.0,1.0,1.0,0.0,0.0,37.0,10559110871.0,2014.0,46.0,1.0,0.0,10,10,200000,0.9044345606264668,100000,1,False,50,,17,16
43,89.0336590662323,2014.0,10552108531.0,10559110871.0,46.0,46.0,1.0,1.0,0.0,0.0,74.0,10559103311.0,2014.0,46.0,1.0,0.0,10,10,200000,0.9044345606264668,100000,1,False,50,,17,16
44,7359.16666666667,2014.0,10552108531.0,10559110871.0,46.0,46.0,1.0,1.0,0.0,0.0,279.0,10555105138.0,2014.0,46.0,1.0,0.0,10,10,200000,0.9044345606264668,100000,1,False,50,,17,16
45,76.3888888888889,2014.0,10552108531.0,10559110871.0,46.0,46.0,1.0,1.0,0.0,0.0,331.0,10552108531.0,2014.0,46.0,1.0,0.0,10,10,200000,0.9044345606264668,100000,1,False,50,,17,16
46,357.794117647059,2014.0,10552108531.0,10559110871.0,46.0,46.0,1.0,1.0,0.0,0.0,235.0,10553104140.0,2014.0,46.0,1.0,0.0,10,10,200000,0.9044345606264668,100000,1,False,50,,17,16
47,7.98934753661784,2014.0,10552108531.0,10559110871.0,46.0,46.0,1.0,1.0,0.0,0.0,100.0,10559105919.0,2014.0,46.0,1.0,0.0,10,10,200000,0.9044345606264668,100000,1,False,50,,17,16
48,137.440758293839,2014.0,10554103466.0,10559108226.0,46.0,46.0,1.0,1.0,0.0,0.0,46.0,10559104842.0,2014.0,46.0,1.0,0.0,10,10,200000,0.8968936490789703,100000,1,False,50,,17,24
49,32.8373524884556,2014.0,10554103466.0,10559108226.0,46.0,46.0,1.0,1.0,0.0,0.0,335.0,10557106254.0,2014.0,46.0,1.0,0.0,10,10,200000,0.8968936490789703,100000,1,False,50,,17,24
50,265.873170731707,2014.0,10554103466.0,10559108226.0,46.0,46.0,1.0,1.0,0.0,0.0,225.0,10559107649.0,2014.0,46.0,1.0,0.0,10,10,200000,0.8968936490789703,100000,1,False,50,,17,24
51,86.8187001140251,2014.0,10554103466.0,10559108226.0,46.0,46.0,1.0,1.0,0.0,0.0,265.0,10557100731.0,2014.0,46.0,1.0,0.0,10,10,200000,0.8968936490789703,100000,1,False,50,,17,24
52,937.472527472528,2014.0,10554103466.0,10559108226.0,46.0,46.0,1.0,1.0,0.0,0.0,166.0,10559108226.0,2014.0,46.0,1.0,0.0,10,10,200000,0.8968936490789703,100000,1,False,50,,17,24
53,647.457627118644,2014.0,10554103466.0,10559108226.0,46.0,46.0,1.0,1.0,0.0,0.0,103.0,10557111013.0,2014.0,46.0,1.0,0.0,10,10,200000,0.8968936490789703,100000,1,False,50,,17,24
54,94.2408376963351,2014.0,10554103466.0,10559108226.0,46.0,46.0,1.0,1.0,0.0,0.0,38.0,10557110659.0,2014.0,46.0,1.0,0.0,10,10,200000,0.8968936490789703,100000,1,False,50,,17,24
55,107.527932960894,2014.0,10554103466.0,10559108226.0,46.0,46.0,1.0,1.0,0.0,0.0,181.0,10555107380.0,2014.0,46.0,1.0,0.0,10,10,200000,0.8968936490789703,100000,1,False,50,,17,24
56,26.9989615784008,2014.0,10554103466.0,10559108226.0,46.0,46.0,1.0,1.0,0.0,0.0,92.0,10558109774.0,2014.0,46.0,1.0,0.0,10,10,200000,0.8968936490789703,100000,1,False,50,,17,24
57,10.2669404517454,2014.0,10554103466.0,10559108226.0,46.0,46.0,1.0,1.0,0.0,0.0,141.0,10554103466.0,2014.0,46.0,1.0,0.0,10,10,200000,0.8968936490789703,100000,1,False,50,,17,24
58,359.641025641026,2014.0,10554103466.0,10559108226.0,46.0,46.0,1.0,1.0,0.0,0.0,307.0,10557103333.0,2014.0,46.0,1.0,0.0,10,10,200000,0.8968936490789703,100000,1,False,50,,17,24
59,4.05797101449275,2014.0,10551101523.0,10559110024.0,46.0,46.0,1.0,1.0,0.0,0.0,96.0,10552109716.0,2014.0,46.0,1.0,0.0,10,10,200000,0.8424878883487997,100000,1,False,50,,23,5
60,97.5243810952738,2014.0,10554103466.0,10559108226.0,46.0,46.0,1.0,1.0,0.0,0.0,352.0,10558104266.0,2014.0,46.0,1.0,0.0,10,10,200000,0.8424878883487997,100000,1,False,50,,17,24
61,1261.60337552743,2014.0,10551101523.0,10559110024.0,46.0,46.0,1.0,1.0,0.0,0.0,363.0,10552100970.0,2014.0,46.0,1.0,0.0,10,10,200000,0.8424878883487997,100000,1,False,50,,23,5
62,999.138673557278,2014.0,10554103466.0,10559108226.0,46.0,46.0,1.0,1.0,0.0,0.0,152.0,10555104852.0,2014.0,46.0,1.0,0.0,10,10,200000,0.8424878883487997,100000,1,False,50,,17,24
63,95.7874015748031,2014.0,10551103245.0,10558106828.0,46.0,46.0,1.0,1.0,0.0,0.0,287.0,10551105720.0,2014.0,46.0,1.0,0.0,10,10,200000,0.8424878883487997,100000,1,False,50,,21,8
64,4235.29411764706,2014.0,10552108531.0,10559110871.0,46.0,46.0,1.0,1.0,0.0,0.0,208.0,10559100751.0,2014.0,46.0,1.0,0.0,10,10,200000,0.8424878883487997,100000,1,False,50,,17,16
65,83.4014717906787,2014.0,10551103245.0,10558106828.0,46.0,46.0,1.0,1.0,0.0,0.0,61.0,10554110751.0,2014.0,46.0,1.0,0.0,10,10,200000,0.8424878883487997,100000,1,False,50,,21,8
66,128.888888888889,2014.0,10554103466.0,10559108226.0,46.0,46.0,1.0,1.0,0.0,0.0,88.0,10558102270.0,2014.0,46.0,1.0,0.0,10,10,200000,0.8424878883487997,100000,1,False,50,,17,24
67,307.593360995851,2014.0,10551101523.0,10559110024.0,46.0,46.0,1.0,1.0,0.0,0.0,246.0,10553107338.0,2014.0,46.0,1.0,0.0,10,10,200000,0.8424878883487997,100000,1,False,50,,23,5
68,327.560975609756,2014.0,10552108531.0,10559110871.0,46.0,46.0,1.0,1.0,0.0,0.0,178.0,10559107535.0,2014.0,46.0,1.0,0.0,10,10,200000,0.8424878883487997,100000,1,False,50,,17,16
69,31.9081046585833,2014.0,10552108531.0,10559110871.0,46.0,46.0,1.0,1.0,0.0,0.0,14.0,10555111039.0,2014.0,46.0,1.0,0.0,10,10,200000,0.8424878883487997,100000,1,False,50,,17,16
70,67.8824476650564,2014.0,10552108531.0,10559110871.0,46.0,46.0,1.0,1.0,0.0,0.0,302.0,10557100630.0,2014.0,46.0,1.0,0.0,10,10,200000,0.8424878883487997,100000,1,False,50,,17,16
71,520.89552238806,2014.0,10551101523.0,10559110024.0,46.0,46.0,1.0,1.0,0.0,0.0,204.0,10559108614.0,2014.0,46.0,1.0,0.0,10,10,200000,0.8424878883487997,100000,1,False,50,,23,5
72,63.8297872340426,2014.0,10552100970.0,10558107215.0,46.0,46.0,1.0,1.0,0.0,0.0,119.0,10554100020.0,2014.0,46.0,1.0,0.0,10,10,200000,0.8424878883487997,100000,1,False,50,,14,14
73,17.4581005586592,2014.0,10552100970.0,10558107215.0,46.0,46.0,1.0,1.0,0.0,0.0,34.0,10558105122.0,2014.0,46.0,1.0,0.0,10,10,200000,0.8424878883487997,100000,1,False,50,,14,14
74,12.0355834641549,2014.0,10552100970.0,10558107215.0,46.0,46.0,1.0,1.0,0.0,0.0,48.0,10555100711.0,2014.0,46.0,1.0,0.0,10,10,200000,0.8424878883487997,100000,1,False,50,,14,14
75,26.8817204301075,2014.0,10552100970.0,10558107215.0,46.0,46.0,1.0,1.0,0.0,0.0,77.0,10556106020.0,2014.0,46.0,1.0,0.0,10,10,200000,0.8424878883487997,100000,1,False,50,,14,14
76,39.0050876201244,2014.0,10552100970.0,10558107215.0,46.0,46.0,1.0,1.0,0.0,0.0,322.0,10557101764.0,2014.0,46.0,1.0,0.0,10,10,200000,0.8424878883487997,100000,1,False,50,,14,14
77,63.0026809651475,2014.0,10552100970.0,10558107215.0,46.0,46.0,1.0,1.0,0.0,0.0,118.0,10557103327.0,2014.0,46.0,1.0,0.0,10,10,200000,0.8424878883487997,100000,1,False,50,,14,14
78,79.5392278953923,2014.0,10552100970.0,10558107215.0,46.0,46.0,1.0,1.0,0.0,0.0,172.0,10558107215.0,2014.0,46.0,1.0,0.0,10,10,200000,0.8424878883487997,100000,1,False,50,,14,14
79,1021.38613861386,2014.0,10552100970.0,10558107215.0,46.0,46.0,1.0,1.0,0.0,0.0,276.0,10557108440.0,2014.0,46.0,1.0,0.0,10,10,200000,0.8424878883487997,100000,1,False,50,,14,14
80,167.421875,2014.0,10552100970.0,10558107215.0,46.0,46.0,1.0,1.0,0.0,0.0,312.0,10556104967.0,2014.0,46.0,1.0,0.0,10,10,200000,0.8424878883487997,100000,1,False,50,,14,14
81,146.835443037975,2014.0,10552100970.0,10558107215.0,46.0,46.0,1.0,1.0,0.0,0.0,69.0,10552109460.0,2014.0,46.0,1.0,0.0,10,10,200000,0.8424878883487997,100000,1,False,50,,14,14
82,412.903225806452,2014.0,10551101523.0,10559110024.0,46.0,46.0,1.0,1.0,0.0,0.0,203.0,10551110946.0,2014.0,46.0,1.0,0.0,10,10,200000,0.8270573005828816,100000,1,False,50,,23,5
83,41.8809698750918,2014.0,10553109212.0,10559110432.0,46.0,46.0,1.0,1.0,0.0,0.0,30.0,10558104454.0,2014.0,46.0,1.0,0.0,10,10,200000,0.8270573005828816,100000,1,False,50,,14,21
84,76.5881677197013,2014.0,10553109212.0,10559110432.0,46.0,46.0,1.0,1.0,0.0,0.0,289.0,10555100228.0,2014.0,46.0,1.0,0.0,10,10,200000,0.8270573005828816,100000,1,False,50,,14,21
85,53.9717741935484,2014.0,10553109212.0,10559110432.0,46.0,46.0,1.0,1.0,0.0,0.0,308.0,10559100659.0,2014.0,46.0,1.0,0.0,10,10,200000,0.8270573005828816,100000,1,False,50,,14,21
86,31.25,2014.0,10553109212.0,10559110432.0,46.0,46.0,1.0,1.0,0.0,0.0,131.0,10555101274.0,2014.0,46.0,1.0,0.0,10,10,200000,0.8270573005828816,100000,1,False,50,,14,21
87,407.312379730597,2014.0,10553109212.0,10559110432.0,46.0,46.0,1.0,1.0,0.0,0.0,353.0,10554101471.0,2014.0,46.0,1.0,0.0,10,10,200000,0.8270573005828816,100000,1,False,50,,14,21
88,143.628620102215,2014.0,10553109212.0,10559110432.0,46.0,46.0,1.0,1.0,0.0,0.0,253.0,10556109233.0,2014.0,46.0,1.0,0.0,10,10,200000,0.8270573005828816,100000,1,False,50,,14,21
89,31.8268618714195,2014.0,10553109212.0,10559110432.0,46.0,46.0,1.0,1.0,0.0,0.0,116.0,10559110432.0,2014.0,46.0,1.0,0.0,10,10,200000,0.8270573005828816,100000,1,False,50,,14,21
90,505.61797752809,2014.0,10553109212.0,10559110432.0,46.0,46.0,1.0,1.0,0.0,0.0,314.0,10553109212.0,2014.0,46.0,1.0,0.0,10,10,200000,0.8270573005828816,100000,1,False,50,,14,21
91,57.790973871734,2014.0,10553109212.0,10559110432.0,46.0,46.0,1.0,1.0,0.0,0.0,233.0,10556107278.0,2014.0,46.0,1.0,0.0,10,10,200000,0.8270573005828816,100000,1,False,50,,14,21
92,91.4746543778802,2014.0,10553109212.0,10559110432.0,46.0,46.0,1.0,1.0,0.0,0.0,174.0,10555102578.0,2014.0,46.0,1.0,0.0,10,10,200000,0.8270573005828816,100000,1,False,50,,14,21
93,485.540069686411,2014.0,10551101523.0,10559110024.0,46.0,46.0,1.0,1.0,0.0,0.0,290.0,10551101920.0,2014.0,46.0,1.0,0.0,10,10,200000,0.8159458247654297,100000,1,False,50,,23,5
94,122.605363984674,2014.0,10553109870.0,10558101067.0,46.0,46.0,1.0,1.0,0.0,0.0,85.0,10554108738.0,2014.0,46.0,1.0,0.0,10,10,200000,0.8159458247654297,100000,1,False,50,,17,22
95,0.829875518672199,2014.0,10553109212.0,10559110432.0,46.0,46.0,1.0,1.0,0.0,0.0,127.0,10557108047.0,2014.0,46.0,1.0,0.0,10,10,200000,0.8159458247654297,100000,1,False,50,,14,21
96,311.827956989247,2014.0,10551103245.0,10558106828.0,46.0,46.0,1.0,1.0,0.0,0.0,219.0,10558105373.0,2014.0,46.0,1.0,0.0,10,10,200000,0.8159458247654297,100000,1,False,50,,21,8
97,14.6750524109015,2014.0,10553109870.0,10558101067.0,46.0,46.0,1.0,1.0,0.0,0.0,55.0,10556100810.0,2014.0,46.0,1.0,0.0,10,10,200000,0.8159458247654297,100000,1,False,50,,17,22
98,17.7705977382876,2014.0,10553109212.0,10559110432.0,46.0,46.0,1.0,1.0,0.0,0.0,112.0,10559102156.0,2014.0,46.0,1.0,0.0,10,10,200000,0.8159458247654297,100000,1,False,50,,14,21
99,1582.73381294964,2014.0,10552108531.0,10559110871.0,46.0,46.0,1.0,1.0,0.0,0.0,191.0,10558105665.0,2014.0,46.0,1.0,0.0,10,10,200000,0.8159458247654297,100000,1,False,50,,17,16
100,47.6457399103139,2014.0,10551101523.0,10559110024.0,46.0,46.0,1.0,1.0,0.0,0.0,230.0,10557104324.0,2014.0,46.0,1.0,0.0,10,10,200000,0.8159458247654297,100000,1,False,50,,23,5
101,62.992125984252,2014.0,10552108531.0,10559110871.0,46.0,46.0,1.0,1.0,0.0,0.0,336.0,10559110866.0,2014.0,46.0,1.0,0.0,10,10,200000,0.8159458247654297,100000,1,False,50,,17,16
102,110.963081861958,2014.0,10553109870.0,10558101067.0,46.0,46.0,1.0,1.0,0.0,0.0,309.0,10554102915.0,2014.0,46.0,1.0,0.0,10,10,200000,0.8159458247654297,100000,1,False,50,,17,22
103,318.233944954128,2014.0,10552100970.0,10558107215.0,46.0,46.0,1.0,1.0,0.0,0.0,199.0,10552103429.0,2014.0,46.0,1.0,0.0,10,10,200000,0.8159458247654297,100000,1,False,50,,14,14
104,36.7447784004075,2014.0,10551103245.0,10558106828.0,46.0,46.0,1.0,1.0,0.0,0.0,306.0,10552100118.0,2014.0,46.0,1.0,0.0,10,10,200000,0.8159458247654297,100000,1,False,50,,21,8
105,35.381589299764,2014.0,10553109870.0,10558101067.0,46.0,46.0,1.0,1.0,0.0,0.0,185.0,10556106733.0,2014.0,46.0,1.0,0.0,10,10,200000,0.8159458247654297,100000,1,False,50,,17,22
106,674.242424242424,2014.0,10554103466.0,10559108226.0,46.0,46.0,1.0,1.0,0.0,0.0,357.0,10559105260.0,2014.0,46.0,1.0,0.0,10,10,200000,0.8159458247654297,100000,1,False,50,,17,24
107,82.0596393897365,2014.0,10551103245.0,10558106828.0,46.0,46.0,1.0,1.0,0.0,0.0,275.0,10552108159.0,2014.0,46.0,1.0,0.0,10,10,200000,0.8159458247654297,100000,1,False,50,,21,8
108,56.4042303172738,2014.0,10551103245.0,10558106828.0,46.0,46.0,1.0,1.0,0.0,0.0,53.0,10555107843.0,2014.0,46.0,1.0,0.0,10,10,200000,0.8159458247654297,100000,1,False,50,,21,8
109,477.973568281938,2014.0,10554103466.0,10559108226.0,46.0,46.0,1.0,1.0,0.0,0.0,200.0,10559101141.0,2014.0,46.0,1.0,0.0,10,10,200000,0.8159458247654297,100000,1,False,50,,17,24
110,157.155399473222,2014.0,10551101523.0,10559110024.0,46.0,46.0,1.0,1.0,0.0,0.0,59.0,10551108264.0,2014.0,46.0,1.0,0.0,10,10,200000,0.8159458247654297,100000,1,False,50,,23,5
111,79.3742757821553,2014.0,10551101523.0,10559110024.0,46.0,46.0,1.0,1.0,0.0,0.0,344.0,10559100632.0,2014.0,46.0,1.0,0.0,10,10,200000,0.8159458247654297,100000,1,False,50,,23,5
112,106.073529411765,2014.0,10551101523.0,10559110024.0,46.0,46.0,1.0,1.0,0.0,0.0,329.0,10551104960.0,2014.0,46.0,1.0,0.0,10,10,200000,0.8159458247654297,100000,1,False,50,,23,5
113,43.2234432234432,2014.0,10553109212.0,10559110432.0,46.0,46.0,1.0,1.0,0.0,0.0,340.0,10554106313.0,2014.0,46.0,1.0,0.0,10,10,200000,0.8159458247654297,100000,1,False,50,,14,21
114,9.94733762434172,2014.0,10553109870.0,10558101067.0,46.0,46.0,1.0,1.0,0.0,0.0,366.0,10557101954.0,2014.0,46.0,1.0,0.0,10,10,200000,0.8159458247654297,100000,1,False,50,,17,22
115,493.540051679587,2014.0,10551101523.0,10559110024.0,46.0,46.0,1.0,1.0,0.0,0.0,210.0,10552101069.0,2014.0,46.0,1.0,0.0,10,10,200000,0.8159458247654297,100000,1,False,50,,23,5
116,40.4312668463612,2014.0,10551103245.0,10558106828.0,46.0,46.0,1.0,1.0,0.0,0.0,17.0,10553107667.0,2014.0,46.0,1.0,0.0,10,10,200000,0.8159458247654297,100000,1,False,50,,21,8
117,85.5670103092784,2014.0,10552100970.0,10558107215.0,46.0,46.0,1.0,1.0,0.0,0.0,333.0,10552106640.0,2014.0,46.0,1.0,0.0,10,10,200000,0.8159458247654297,100000,1,False,50,,14,14
118,99.671412924425,2014.0,10552100970.0,10558107215.0,46.0,46.0,1.0,1.0,0.0,0.0,105.0,10552108031.0,2014.0,46.0,1.0,0.0,10,10,200000,0.8159458247654297,100000,1,False,50,,14,14
119,68.1818181818182,2014.0,10552100970.0,10558107215.0,46.0,46.0,1.0,1.0,0.0,0.0,81.0,10555107631.0,2014.0,46.0,1.0,0.0,10,10,200000,0.8159458247654297,100000,1,False,50,,14,14
120,42.3011844331641,2014.0,10553109212.0,10559110432.0,46.0,46.0,1.0,1.0,0.0,0.0,45.0,10559104937.0,2014.0,46.0,1.0,0.0,10,10,200000,0.8159458247654297,100000,1,False,50,,14,21
121,2243.90243902439,2014.0,10554103466.0,10559108226.0,46.0,46.0,1.0,1.0,0.0,0.0,339.0,10557103658.0,2014.0,46.0,1.0,0.0,10,10,200000,0.8159458247654297,100000,1,False,50,,17,24
122,42.5531914893617,2014.0,10551101523.0,10559110024.0,46.0,46.0,1.0,1.0,0.0,0.0,109.0,10556105011.0,2014.0,46.0,1.0,0.0,10,10,200000,0.8159458247654297,100000,1,False,50,,23,5
123,327.676767676768,2014.0,10551108077.0,10559107535.0,46.0,46.0,1.0,1.0,1.0,1.0,299.0,10555101611.0,2014.0,46.0,1.0,1.0,10,10,200000,0.8159458247654297,100000,1,False,50,,23,11
124,0.0,2014.0,10551108077.0,10559107535.0,46.0,46.0,1.0,1.0,1.0,1.0,347.0,10558105915.0,2014.0,46.0,1.0,1.0,10,10,200000,0.8159458247654297,100000,1,False,50,,23,11
125,299.651567944251,2014.0,10551108077.0,10559107535.0,46.0,46.0,1.0,1.0,1.0,1.0,178.0,10559107535.0,2014.0,46.0,1.0,1.0,10,10,200000,0.8159458247654297,100000,1,False,50,,23,11
126,681.818181818182,2014.0,10551108077.0,10559107535.0,46.0,46.0,1.0,1.0,1.0,1.0,357.0,10559105260.0,2014.0,46.0,1.0,1.0,10,10,200000,0.8159458247654297,100000,1,False,50,,23,11
127,19.4915254237288,2014.0,10551108077.0,10559107535.0,46.0,46.0,1.0,1.0,1.0,1.0,26.0,10557110550.0,2014.0,46.0,1.0,1.0,10,10,200000,0.8159458247654297,100000,1,False,50,,23,11
128,60.8359621451104,2014.0,10551108077.0,10559107535.0,46.0,46.0,1.0,1.0,1.0,1.0,258.0,10555107178.0,2014.0,46.0,1.0,1.0,10,10,200000,0.8159458247654297,100000,1,False,50,,23,11
129,61.1045828437133,2014.0,10551108077.0,10559107535.0,46.0,46.0,1.0,1.0,1.0,1.0,53.0,10555107843.0,2014.0,46.0,1.0,1.0,10,10,200000,0.8159458247654297,100000,1,False,50,,23,11
130,35.0989151244416,2014.0,10551108077.0,10559107535.0,46.0,46.0,1.0,1.0,1.0,1.0,14.0,10555111039.0,2014.0,46.0,1.0,1.0,10,10,200000,0.8159458247654297,100000,1,False,50,,23,11
131,304.902962206333,2014.0,10551108077.0,10559107535.0,46.0,46.0,1.0,1.0,1.0,1.0,148.0,10552107459.0,2014.0,46.0,1.0,1.0,10,10,200000,0.8159458247654297,100000,1,False,50,,23,11
132,54.6005917159763,2014.0,10551108077.0,10559107535.0,46.0,46.0,1.0,1.0,1.0,1.0,183.0,10553101866.0,2014.0,46.0,1.0,1.0,10,10,200000,0.8159458247654297,100000,1,False,50,,23,11
133,52.1042084168337,2014.0,10551108077.0,10559107535.0,46.0,46.0,1.0,1.0,1.0,1.0,354.0,10551108077.0,2014.0,46.0,1.0,1.0,10,10,200000,0.8159458247654297,100000,1,False,50,,23,11
134,534.69387755102,2014.0,10551102629.0,10557107834.0,46.0,46.0,1.0,1.0,1.0,1.0,207.0,10551102629.0,2014.0,46.0,1.0,1.0,10,10,200000,0.8387953621593245,100000,1,False,50,,16,7
135,39.6600566572238,2014.0,10551102629.0,10557107834.0,46.0,46.0,1.0,1.0,1.0,1.0,123.0,10551110265.0,2014.0,46.0,1.0,1.0,10,10,200000,0.8387953621593245,100000,1,False,50,,16,7
136,49.3273542600897,2014.0,10551102629.0,10557107834.0,46.0,46.0,1.0,1.0,1.0,1.0,230.0,10557104324.0,2014.0,46.0,1.0,1.0,10,10,200000,0.8387953621593245,100000,1,False,50,,16,7
137,181.532004197272,2014.0,10551102629.0,10557107834.0,46.0,46.0,1.0,1.0,1.0,1.0,153.0,10553106450.0,2014.0,46.0,1.0,1.0,10,10,200000,0.8387953621593245,100000,1,False,50,,16,7
138,19.203413940256,2014.0,10551102629.0,10557107834.0,46.0,46.0,1.0,1.0,1.0,1.0,2.0,10557107834.0,2014.0,46.0,1.0,1.0,10,10,200000,0.8387953621593245,100000,1,False,50,,16,7
139,72.3684210526316,2014.0,10551102629.0,10557107834.0,46.0,46.0,1.0,1.0,1.0,1.0,31.0,10555104561.0,2014.0,46.0,1.0,1.0,10,10,200000,0.8387953621593245,100000,1,False,50,,16,7
140,32.4963072378139,2014.0,10551102629.0,10557107834.0,46.0,46.0,1.0,1.0,1.0,1.0,125.0,10552108830.0,2014.0,46.0,1.0,1.0,10,10,200000,0.8387953621593245,100000,1,False,50,,16,7
141,23.6071765816808,2014.0,10551102629.0,10557107834.0,46.0,46.0,1.0,1.0,1.0,1.0,32.0,10556103267.0,2014.0,46.0,1.0,1.0,10,10,200000,0.8387953621593245,100000,1,False,50,,16,7
142,114.183937823834,2014.0,10551102629.0,10557107834.0,46.0,46.0,1.0,1.0,1.0,1.0,263.0,10554104446.0,2014.0,46.0,1.0,1.0,10,10,200000,0.8387953621593245,100000,1,False,50,,16,7
143,38.8278388278388,2014.0,10551102629.0,10557107834.0,46.0,46.0,1.0,1.0,1.0,1.0,340.0,10554106313.0,2014.0,46.0,1.0,1.0,10,10,200000,0.8387953621593245,100000,1,False,50,,16,7
144,33.0999363462763,2014.0,10553108826.0,10559110432.0,46.0,46.0,1.0,1.0,1.0,1.0,116.0,10559110432.0,2014.0,46.0,1.0,1.0,10,10,200000,0.8289022325396012,100000,1,False,50,,23,19
145,104.301369863014,2014.0,10553108826.0,10559110432.0,46.0,46.0,1.0,1.0,1.0,1.0,254.0,10559103878.0,2014.0,46.0,1.0,1.0,10,10,200000,0.8289022325396012,100000,1,False,50,,23,19
146,166.543846720707,2014.0,10553108826.0,10559110432.0,46.0,46.0,1.0,1.0,1.0,1.0,164.0,10553110455.0,2014.0,46.0,1.0,1.0,10,10,200000,0.8289022325396012,100000,1,False,50,,23,19
147,777.434312210201,2014.0,10553108826.0,10559110432.0,46.0,46.0,1.0,1.0,1.0,1.0,229.0,10553108826.0,2014.0,46.0,1.0,1.0,10,10,200000,0.8289022325396012,100000,1,False,50,,23,19
148,70.2758979698074,2014.0,10553108826.0,10559110432.0,46.0,46.0,1.0,1.0,1.0,1.0,221.0,10557109051.0,2014.0,46.0,1.0,1.0,10,10,200000,0.8289022325396012,100000,1,False,50,,23,19
149,73.2755474452555,2014.0,10553108826.0,10559110432.0,46.0,46.0,1.0,1.0,1.0,1.0,256.0,10556110574.0,2014.0,46.0,1.0,1.0,10,10,200000,0.8289022325396012,100000,1,False,50,,23,19
150,28.6425902864259,2014.0,10553108826.0,10559110432.0,46.0,46.0,1.0,1.0,1.0,1.0,122.0,10553110670.0,2014.0,46.0,1.0,1.0,10,10,200000,0.8289022325396012,100000,1,False,50,,23,19
151,116.067588325653,2014.0,10553108826.0,10559110432.0,46.0,46.0,1.0,1.0,1.0,1.0,174.0,10555102578.0,2014.0,46.0,1.0,1.0,10,10,200000,0.8289022325396012,100000,1,False,50,,23,19
152,145.342886386899,2014.0,10553108826.0,10559110432.0,46.0,46.0,1.0,1.0,1.0,1.0,227.0,10555103419.0,2014.0,46.0,1.0,1.0,10,10,200000,0.8289022325396012,100000,1,False,50,,23,19
153,53.2125,2014.0,10553108826.0,10559110432.0,46.0,46.0,1.0,1.0,1.0,1.0,330.0,10557108512.0,2014.0,46.0,1.0,1.0,10,10,200000,0.8289022325396012,100000,1,False,50,,23,19
154,270.504731861199,2014.0,10553108826.0,10559110432.0,46.0,46.0,1.0,1.0,1.0,1.0,189.0,10554106152.0,2014.0,46.0,1.0,1.0,10,10,200000,0.8289022325396012,100000,1,False,50,,23,19
155,771.739130434783,2014.0,10551109713.0,10557106237.0,46.0,46.0,1.0,1.0,1.0,1.0,49.0,10552104973.0,2014.0,46.0,1.0,1.0,10,10,200000,0.8209427948882473,100000,1,False,50,,16,13
156,221.729490022173,2014.0,10551109713.0,10557106237.0,46.0,46.0,1.0,1.0,1.0,1.0,274.0,10554102252.0,2014.0,46.0,1.0,1.0,10,10,200000,0.8209427948882473,100000,1,False,50,,16,13
157,15.3321976149915,2014.0,10551109713.0,10557106237.0,46.0,46.0,1.0,1.0,1.0,1.0,57.0,10554104770.0,2014.0,46.0,1.0,1.0,10,10,200000,0.8209427948882473,100000,1,False,50,,16,13
158,217.054263565891,2014.0,10551109713.0,10557106237.0,46.0,46.0,1.0,1.0,1.0,1.0,212.0,10551109713.0,2014.0,46.0,1.0,1.0,10,10,200000,0.8209427948882473,100000,1,False,50,,16,13
159,393.885135135135,2014.0,10551109713.0,10557106237.0,46.0,46.0,1.0,1.0,1.0,1.0,294.0,10555106917.0,2014.0,46.0,1.0,1.0,10,10,200000,0.8209427948882473,100000,1,False,50,,16,13
160,2184.43804034582,2014.0,10551109713.0,10557106237.0,46.0,46.0,1.0,1.0,1.0,1.0,157.0,10553107260.0,2014.0,46.0,1.0,1.0,10,10,200000,0.8209427948882473,100000,1,False,50,,16,13
161,83.4466019417476,2014.0,10551109713.0,10557106237.0,46.0,46.0,1.0,1.0,1.0,1.0,275.0,10552108159.0,2014.0,46.0,1.0,1.0,10,10,200000,0.8209427948882473,100000,1,False,50,,16,13
162,303.504847129008,2014.0,10551109713.0,10557106237.0,46.0,46.0,1.0,1.0,1.0,1.0,192.0,10552106670.0,2014.0,46.0,1.0,1.0,10,10,200000,0.8209427948882473,100000,1,False,50,,16,13
163,346.636771300448,2014.0,10551109713.0,10557106237.0,46.0,46.0,1.0,1.0,1.0,1.0,310.0,10556103076.0,2014.0,46.0,1.0,1.0,10,10,200000,0.8209427948882473,100000,1,False,50,,16,13
164,107.879656160458,2014.0,10551109713.0,10557106237.0,46.0,46.0,1.0,1.0,1.0,1.0,262.0,10557106237.0,2014.0,46.0,1.0,1.0,10,10,200000,0.8209427948882473,100000,1,False,50,,16,13
165,56.0975609756098,2014.0,10553108826.0,10559110432.0,46.0,46.0,1.0,1.0,1.0,1.0,5.0,10559108034.0,2014.0,46.0,1.0,1.0,10,10,200000,0.8143728464533958,100000,1,False,50,,23,19
166,23.8347457627119,2014.0,10551109713.0,10557106237.0,46.0,46.0,1.0,1.0,1.0,1.0,47.0,10556103068.0,2014.0,46.0,1.0,1.0,10,10,200000,0.8143728464533958,100000,1,False,50,,16,13
167,42.3011844331641,2014.0,10551108077.0,10559107535.0,46.0,46.0,1.0,1.0,1.0,1.0,45.0,10559104937.0,2014.0,46.0,1.0,1.0,10,10,200000,0.8143728464533958,100000,1,False,50,,23,11
168,4.06091370558376,2014.0,10553108826.0,10559110432.0,46.0,46.0,1.0,1.0,1.0,1.0,93.0,10555110971.0,2014.0,46.0,1.0,1.0,10,10,200000,0.8143728464533958,100000,1,False,50,,23,19
169,16.0614525139665,2014.0,10551108077.0,10559107535.0,46.0,46.0,1.0,1.0,1.0,1.0,34.0,10558105122.0,2014.0,46.0,1.0,1.0,10,10,200000,0.8143728464533958,100000,1,False,50,,23,11
170,30.9615384615385,2014.0,10551101222.0,10559110871.0,46.0,46.0,1.0,1.0,1.0,1.0,182.0,10551101222.0,2014.0,46.0,1.0,1.0,10,10,200000,0.8143728464533958,100000,1,False,50,,24,3
171,48.9443488238669,2014.0,10551101222.0,10559110871.0,46.0,46.0,1.0,1.0,1.0,1.0,293.0,10552105240.0,2014.0,46.0,1.0,1.0,10,10,200000,0.8143728464533958,100000,1,False,50,,24,3
172,106.382978723404,2014.0,10551101222.0,10559110871.0,46.0,46.0,1.0,1.0,1.0,1.0,12.0,10552104532.0,2014.0,46.0,1.0,1.0,10,10,200000,0.8143728464533958,100000,1,False,50,,24,3
173,45.1612903225806,2014.0,10551101222.0,10559110871.0,46.0,46.0,1.0,1.0,1.0,1.0,10.0,10553101631.0,2014.0,46.0,1.0,1.0,10,10,200000,0.8143728464533958,100000,1,False,50,,24,3
174,67.115804806992,2014.0,10551101222.0,10559110871.0,46.0,46.0,1.0,1.0,1.0,1.0,301.0,10551108210.0,2014.0,46.0,1.0,1.0,10,10,200000,0.8143728464533958,100000,1,False,50,,24,3
175,188.498402555911,2014.0,10551101222.0,10559110871.0,46.0,46.0,1.0,1.0,1.0,1.0,18.0,10551107040.0,2014.0,46.0,1.0,1.0,10,10,200000,0.8143728464533958,100000,1,False,50,,24,3
176,26.4550264550265,2014.0,10551101222.0,10559110871.0,46.0,46.0,1.0,1.0,1.0,1.0,110.0,10552110933.0,2014.0,46.0,1.0,1.0,10,10,200000,0.8143728464533958,100000,1,False,50,,24,3
177,95.6137724550898,2014.0,10551101222.0,10559110871.0,46.0,46.0,1.0,1.0,1.0,1.0,177.0,10554102231.0,2014.0,46.0,1.0,1.0,10,10,200000,0.8143728464533958,100000,1,False,50,,24,3
178,53.9355271994627,2014.0,10551101222.0,10559110871.0,46.0,46.0,1.0,1.0,1.0,1.0,296.0,10555100143.0,2014.0,46.0,1.0,1.0,10,10,200000,0.8143728464533958,100000,1,False,50,,24,3
179,501.823529411765,2014.0,10551101222.0,10559110871.0,46.0,46.0,1.0,1.0,1.0,1.0,298.0,10555105256.0,2014.0,46.0,1.0,1.0,10,10,200000,0.8143728464533958,100000,1,False,50,,24,3
180,98.6460348162476,2014.0,10551101222.0,10559110871.0,46.0,46.0,1.0,1.0,1.0,1.0,37.0,10559110871.0,2014.0,46.0,1.0,1.0,10,10,200000,0.8143728464533958,100000,1,False,50,,24,3
181,301.188903566711,2014.0,10551101222.0,10559110871.0,46.0,46.0,1.0,1.0,1.0,1.0,102.0,10554108228.0,2014.0,46.0,1.0,1.0,10,10,200000,0.8298398511982383,100000,1,False,50,,24,3
182,82.4607329842932,2014.0,10551101222.0,10559110871.0,46.0,46.0,1.0,1.0,1.0,1.0,38.0,10557110659.0,2014.0,46.0,1.0,1.0,10,10,200000,0.8298398511982383,100000,1,False,50,,24,3
183,382.8125,2014.0,10551102629.0,10557107834.0,46.0,46.0,1.0,1.0,1.0,1.0,209.0,10551105770.0,2014.0,46.0,1.0,1.0,10,10,200000,0.8298398511982383,100000,1,False,50,,16,7
184,131.672597864769,2014.0,10551108077.0,10559107535.0,46.0,46.0,1.0,1.0,1.0,1.0,50.0,10553107643.0,2014.0,46.0,1.0,1.0,10,10,200000,0.8298398511982383,100000,1,False,50,,23,11
185,26000.0,2014.0,10553108826.0,10559110432.0,46.0,46.0,1.0,1.0,1.0,1.0,362.0,10557100069.0,2014.0,46.0,1.0,1.0,10,10,200000,0.8298398511982383,100000,1,False,50,,23,19
186,307.305936073059,2014.0,10551108077.0,10559107535.0,46.0,46.0,1.0,1.0,1.0,1.0,231.0,10552108619.0,2014.0,46.0,1.0,1.0,10,10,200000,0.8298398511982383,100000,1,False,50,,23,11
187,33.0788804071247,2014.0,10551108077.0,10559107535.0,46.0,46.0,1.0,1.0,1.0,1.0,56.0,10559103966.0,2014.0,46.0,1.0,1.0,10,10,200000,0.8298398511982383,100000,1,False,50,,23,11
188,1090.90909090909,2014.0,10551101222.0,10559110871.0,46.0,46.0,1.0,1.0,1.0,1.0,364.0,10558107465.0,2014.0,46.0,1.0,1.0,10,10,200000,0.8298398511982383,100000,1,False,50,,24,3
189,24.6815286624204,2014.0,10553108826.0,10559110432.0,46.0,46.0,1.0,1.0,1.0,1.0,63.0,10557105526.0,2014.0,46.0,1.0,1.0,10,10,200000,0.8298398511982383,100000,1,False,50,,23,19
190,135.711060948081,2014.0,10551101222.0,10559110871.0,46.0,46.0,1.0,1.0,1.0,1.0,292.0,10551101523.0,2014.0,46.0,1.0,1.0,10,10,200000,0.8298398511982383,100000,1,False,50,,24,3
191,44.9474847982311,2014.0,10551101222.0,10559110871.0,46.0,46.0,1.0,1.0,1.0,1.0,285.0,10558103316.0,2014.0,46.0,1.0,1.0,10,10,200000,0.8298398511982383,100000,1,False,50,,24,3
192,2085.2534562212,2014.0,10551102629.0,10557107834.0,46.0,46.0,1.0,1.0,1.0,1.0,163.0,10552108069.0,2014.0,46.0,1.0,1.0,10,10,200000,0.8298398511982383,100000,1,False,50,,16,7
193,26.0631001371742,2014.0,10551101222.0,10559110871.0,46.0,46.0,1.0,1.0,1.0,1.0,24.0,10559110024.0,2014.0,46.0,1.0,1.0,10,10,200000,0.8298398511982383,100000,1,False,50,,24,3
194,389.473684210526,2014.0,10553108826.0,10559110432.0,46.0,46.0,1.0,1.0,1.0,1.0,86.0,10558106828.0,2014.0,46.0,1.0,1.0,10,10,200000,0.8298398511982383,100000,1,False,50,,23,19
195,22.7008149010477,2014.0,10551102629.0,10557107834.0,46.0,46.0,1.0,1.0,1.0,1.0,332.0,10557102639.0,2014.0,46.0,1.0,1.0,10,10,200000,0.8298398511982383,100000,1,False,50,,16,7
196,200.542005420054,2014.0,10551101222.0,10559110871.0,46.0,46.0,1.0,1.0,1.0,1.0,247.0,10554101470.0,2014.0,46.0,1.0,1.0,10,10,200000,0.8298398511982383,100000,1,False,50,,24,3
197,8.60585197934596,2014.0,10553108826.0,10559110432.0,46.0,46.0,1.0,1.0,1.0,1.0,36.0,10559101051.0,2014.0,46.0,1.0,1.0,10,10,200000,0.8298398511982383,100000,1,False,50,,23,19
198,45.3857791225416,2014.0,10551108077.0,10559107535.0,46.0,46.0,1.0,1.0,1.0,1.0,165.0,10559100761.0,2014.0,46.0,1.0,1.0,10,10,200000,0.8298398511982383,100000,1,False,50,,23,11
199,129.930394431555,2014.0,10551108077.0,10559107535.0,46.0,46.0,1.0,1.0,1.0,1.0,68.0,10558103629.0,2014.0,46.0,1.0,1.0,10,10,200000,0.8298398511982383,100000,1,False,50,,23,11
200,311.827956989247,2014.0,10553108826.0,10559110432.0,46.0,46.0,1.0,1.0,1.0,1.0,219.0,10558105373.0,2014.0,46.0,1.0,1.0,10,10,200000,0.8298398511982383,100000,1,False,50,,23,19
201,51.3231756214916,2014.0,10551109713.0,10557106237.0,46.0,46.0,1.0,1.0,1.0,1.0,126.0,10555104678.0,2014.0,46.0,1.0,1.0,10,10,200000,0.8298398511982383,100000,1,False,50,,16,13
202,45.0751252086811,2014.0,10551101222.0,10559110871.0,46.0,46.0,1.0,1.0,1.0,1.0,368.0,10552106439.0,2014.0,46.0,1.0,1.0,10,10,200000,0.8298398511982383,100000,1,False,50,,24,3
203,140.221465076661,2014.0,10551109713.0,10557106237.0,46.0,46.0,1.0,1.0,1.0,1.0,253.0,10556109233.0,2014.0,46.0,1.0,1.0,10,10,200000,0.8298398511982383,100000,1,False,50,,16,13
204,61.0236220472441,2014.0,10551101222.0,10559110871.0,46.0,46.0,1.0,1.0,1.0,1.0,336.0,10559110866.0,2014.0,46.0,1.0,1.0,10,10,200000,0.8298398511982383,100000,1,False,50,,24,3
205,24.7718383311604,2014.0,10553108826.0,10559110432.0,46.0,46.0,1.0,1.0,1.0,1.0,365.0,10558100437.0,2014.0,46.0,1.0,1.0,10,10,200000,0.8298398511982383,100000,1,False,50,,23,19
206,61.1702127659575,2014.0,10553108826.0,10559110432.0,46.0,46.0,1.0,1.0,1.0,1.0,119.0,10554100020.0,2014.0,46.0,1.0,1.0,10,10,200000,0.8298398511982383,100000,1,False,50,,23,19
207,141.296296296296,2014.0,10551101222.0,10559110871.0,46.0,46.0,1.0,1.0,1.0,1.0,280.0,10552108666.0,2014.0,46.0,1.0,1.0,10,10,200000,0.8298398511982383,100000,1,False,50,,24,3
208,9444.16666666667,2014.0,10551102629.0,10557107834.0,46.0,46.0,1.0,1.0,1.0,1.0,279.0,10555105138.0,2014.0,46.0,1.0,1.0,10,10,200000,0.8298398511982383,100000,1,False,50,,16,7
209,675.555555555556,2014.0,10551109713.0,10557106237.0,46.0,46.0,1.0,1.0,1.0,1.0,351.0,10553109136.0,2014.0,46.0,1.0,1.0,10,10,200000,0.8298398511982383,100000,1,False,50,,16,13
210,45.2549651100376,2014.0,10551108077.0,10559107535.0,46.0,46.0,1.0,1.0,1.0,1.0,232.0,10557108815.0,2014.0,46.0,1.0,1.0,10,10,200000,0.8298398511982383,100000,1,False,50,,23,11
211,111.5,2014.0,10553108826.0,10559110432.0,46.0,46.0,1.0,1.0,1.0,1.0,211.0,10559107546.0,2014.0,46.0,1.0,1.0,10,10,200000,0.8298398511982383,100000,1,False,50,,23,19
212,138.815461346633,2014.0,10551102629.0,10557107834.0,46.0,46.0,1.0,1.0,1.0,1.0,326.0,10557107276.0,2014.0,46.0,1.0,1.0,10,10,200000,0.8298398511982383,100000,1,False,50,,16,7
213,43.5297619047619,2014.0,10551108077.0,10559107535.0,46.0,46.0,1.0,1.0,1.0,1.0,249.0,10553108140.0,2014.0,46.0,1.0,1.0,10,10,200000,0.8298398511982383,100000,1,False,50,,23,11
214,511.940298507463,2014.0,10553108826.0,10559110432.0,46.0,46.0,1.0,1.0,1.0,1.0,204.0,10559108614.0,2014.0,46.0,1.0,1.0,10,10,200000,0.8298398511982383,100000,1,False,50,,23,19
215,70.6102117061021,2014.0,10551108077.0,10559107535.0,46.0,46.0,1.0,1.0,1.0,1.0,172.0,10558107215.0,2014.0,46.0,1.0,1.0,10,10,200000,0.8298398511982383,100000,1,False,50,,23,11
216,178.04478427089,2014.0,10551101222.0,10559110871.0,46.0,46.0,1.0,1.0,1.0,1.0,193.0,10551108750.0,2014.0,46.0,1.0,1.0,10,10,200000,0.8298398511982383,100000,1,False,50,,24,3
217,245.614035087719,2014.0,10551101222.0,10559110871.0,46.0,46.0,1.0,1.0,1.0,1.0,360.0,10559107719.0,2014.0,46.0,1.0,1.0,10,10,200000,0.8298398511982383,100000,1,False,50,,24,3
218,116.483300589391,2014.0,10551101523.0,10557110659.0,46.0,46.0,1.0,1.0,1.0,1.0,268.0,10554106848.0,2014.0,46.0,1.0,1.0,10,10,200000,0.8298398511982383,100000,1,False,50,,13,4
219,301.166489925769,2014.0,10551101523.0,10557110659.0,46.0,46.0,1.0,1.0,1.0,1.0,162.0,10557105965.0,2014.0,46.0,1.0,1.0,10,10,200000,0.8298398511982383,100000,1,False,50,,13,4
220,34.5165094339623,2014.0,10551101523.0,10557110659.0,46.0,46.0,1.0,1.0,1.0,1.0,170.0,10553106780.0,2014.0,46.0,1.0,1.0,10,10,200000,0.8298398511982383,100000,1,False,50,,13,4
221,243.573943661972,2014.0,10551101523.0,10557110659.0,46.0,46.0,1.0,1.0,1.0,1.0,324.0,10551103771.0,2014.0,46.0,1.0,1.0,10,10,200000,0.8298398511982383,100000,1,False,50,,13,4
222,119.918699186992,2014.0,10551101523.0,10557110659.0,46.0,46.0,1.0,1.0,1.0,1.0,4.0,10554103167.0,2014.0,46.0,1.0,1.0,10,10,200000,0.8298398511982383,100000,1,False,50,,13,4
223,195.927710843374,2014.0,10551101523.0,10557110659.0,46.0,46.0,1.0,1.0,1.0,1.0,240.0,10553103546.0,2014.0,46.0,1.0,1.0,10,10,200000,0.8298398511982383,100000,1,False,50,,13,4
224,50.2983802216539,2014.0,10551101523.0,10557110659.0,46.0,46.0,1.0,1.0,1.0,1.0,151.0,10553104217.0,2014.0,46.0,1.0,1.0,10,10,200000,0.8298398511982383,100000,1,False,50,,13,4
225,183.072916666667,2014.0,10551101523.0,10557110659.0,46.0,46.0,1.0,1.0,1.0,1.0,312.0,10556104967.0,2014.0,46.0,1.0,1.0,10,10,200000,0.8298398511982383,100000,1,False,50,,13,4
226,42.7631578947368,2014.0,10551101523.0,10557110659.0,46.0,46.0,1.0,1.0,1.0,1.0,111.0,10557101656.0,2014.0,46.0,1.0,1.0,10,10,200000,0.8298398511982383,100000,1,False,50,,13,4
227,294.294294294294,2014.0,10551101523.0,10557110659.0,46.0,46.0,1.0,1.0,1.0,1.0,273.0,10552100129.0,2014.0,46.0,1.0,1.0,10,10,200000,0.8298398511982383,100000,1,False,50,,13,4
228,61.9930475086906,2014.0,10551101222.0,10559110871.0,46.0,46.0,1.0,1.0,1.0,1.0,344.0,10559100632.0,2014.0,46.0,1.0,1.0,10,10,200000,0.82371523128455,100000,1,False,50,,24,3
229,42.9621254946297,2014.0,10551101523.0,10557110659.0,46.0,46.0,1.0,1.0,1.0,1.0,322.0,10557101764.0,2014.0,46.0,1.0,1.0,10,10,200000,0.82371523128455,100000,1,False,50,,13,4
230,47.1108622620381,2014.0,10551109713.0,10557106237.0,46.0,46.0,1.0,1.0,1.0,1.0,277.0,10552104819.0,2014.0,46.0,1.0,1.0,10,10,200000,0.82371523128455,100000,1,False,50,,16,13
231,125.600549073439,2014.0,10551108077.0,10559107535.0,46.0,46.0,1.0,1.0,1.0,1.0,272.0,10558100980.0,2014.0,46.0,1.0,1.0,10,10,200000,0.82371523128455,100000,1,False,50,,23,11
232,57.4198359433259,2014.0,10551101523.0,10557110659.0,46.0,46.0,1.0,1.0,1.0,1.0,187.0,10557106723.0,2014.0,46.0,1.0,1.0,10,10,200000,0.82371523128455,100000,1,False,50,,13,4
233,60.5809128630705,2014.0,10551108077.0,10559107535.0,46.0,46.0,1.0,1.0,1.0,1.0,62.0,10558108934.0,2014.0,46.0,1.0,1.0,10,10,200000,0.82371523128455,100000,1,False,50,,23,11
234,19.873532068654,2014.0,10551109713.0,10557106237.0,46.0,46.0,1.0,1.0,1.0,1.0,115.0,10553105142.0,2014.0,46.0,1.0,1.0,10,10,200000,0.82371523128455,100000,1,False,50,,16,13
235,103.092783505155,2014.0,10551102629.0,10557107834.0,46.0,46.0,1.0,1.0,1.0,1.0,206.0,10556108140.0,2014.0,46.0,1.0,1.0,10,10,200000,0.82371523128455,100000,1,False,50,,16,7
236,46.2677824267782,2014.0,10551101523.0,10557110659.0,46.0,46.0,1.0,1.0,1.0,1.0,179.0,10557109015.0,2014.0,46.0,1.0,1.0,10,10,200000,0.82371523128455,100000,1,False,50,,13,4
237,344.566037735849,2014.0,10553108826.0,10559110432.0,46.0,46.0,1.0,1.0,1.0,1.0,255.0,10556106943.0,2014.0,46.0,1.0,1.0,10,10,200000,0.82371523128455,100000,1,False,50,,23,19
238,434.108527131783,2014.0,10551104660.0,10559101668.0,46.0,46.0,1.0,1.0,1.0,2.0,210.0,10552101069.0,2014.0,46.0,1.0,2.0,10,10,200000,0.82371523128455,100000,1,False,50,,23,10
239,70.1723147616312,2014.0,10551104660.0,10559101668.0,46.0,46.0,1.0,1.0,1.0,2.0,286.0,10551105930.0,2014.0,46.0,1.0,2.0,10,10,200000,0.82371523128455,100000,1,False,50,,23,10
240,175.79408543264,2014.0,10551104660.0,10559101668.0,46.0,46.0,1.0,1.0,1.0,2.0,128.0,10551106045.0,2014.0,46.0,1.0,2.0,10,10,200000,0.82371523128455,100000,1,False,50,,23,10
241,204.79302832244,2014.0,10551104660.0,10559101668.0,46.0,46.0,1.0,1.0,1.0,2.0,325.0,10551105870.0,2014.0,46.0,1.0,2.0,10,10,200000,0.82371523128455,100000,1,False,50,,23,10
242,29.0574060949681,2014.0,10551104660.0,10559101668.0,46.0,46.0,1.0,1.0,1.0,2.0,79.0,10553101121.0,2014.0,46.0,1.0,2.0,10,10,200000,0.82371523128455,100000,1,False,50,,23,10
243,103.387423935091,2014.0,10551104660.0,10559101668.0,46.0,46.0,1.0,1.0,1.0,2.0,259.0,10551104660.0,2014.0,46.0,1.0,2.0,10,10,200000,0.82371523128455,100000,1,False,50,,23,10
244,0.0,2014.0,10551104660.0,10559101668.0,46.0,46.0,1.0,1.0,1.0,2.0,223.0,10553100924.0,2014.0,46.0,1.0,2.0,10,10,200000,0.82371523128455,100000,1,False,50,,23,10
245,79.8429319371728,2014.0,10551104660.0,10559101668.0,46.0,46.0,1.0,1.0,1.0,2.0,38.0,10557110659.0,2014.0,46.0,1.0,2.0,10,10,200000,0.82371523128455,100000,1,False,50,,23,10
246,3.95703787450537,2014.0,10551104660.0,10559101668.0,46.0,46.0,1.0,1.0,1.0,2.0,7.0,10557101666.0,2014.0,46.0,1.0,2.0,10,10,200000,0.82371523128455,100000,1,False,50,,23,10
247,399.521531100478,2014.0,10551104660.0,10559101668.0,46.0,46.0,1.0,1.0,1.0,2.0,358.0,10558105552.0,2014.0,46.0,1.0,2.0,10,10,200000,0.82371523128455,100000,1,False,50,,23,10
248,35.6919223544145,2014.0,10551104660.0,10559101668.0,46.0,46.0,1.0,1.0,1.0,2.0,29.0,10559101668.0,2014.0,46.0,1.0,2.0,10,10,200000,0.82371523128455,100000,1,False,50,,23,10
249,77.0901194353963,2014.0,10553109136.0,10559104842.0,46.0,46.0,1.0,1.0,2.0,2.0,74.0,10559103311.0,2014.0,46.0,1.0,2.0,10,10,200000,0.8719069089338991,100000,1,False,50,,15,20
250,57.4198359433259,2014.0,10553109136.0,10559104842.0,46.0,46.0,1.0,1.0,2.0,2.0,187.0,10557106723.0,2014.0,46.0,1.0,2.0,10,10,200000,0.8719069089338991,100000,1,False,50,,15,20
251,336.842105263158,2014.0,10553109136.0,10559104842.0,46.0,46.0,1.0,1.0,2.0,2.0,86.0,10558106828.0,2014.0,46.0,1.0,2.0,10,10,200000,0.8719069089338991,100000,1,False,50,,15,20
252,600.0,2014.0,10553109136.0,10559104842.0,46.0,46.0,1.0,1.0,2.0,2.0,328.0,10553110632.0,2014.0,46.0,1.0,2.0,10,10,200000,0.8719069089338991,100000,1,False,50,,15,20
253,653.333333333333,2014.0,10553109136.0,10559104842.0,46.0,46.0,1.0,1.0,2.0,2.0,351.0,10553109136.0,2014.0,46.0,1.0,2.0,10,10,200000,0.8719069089338991,100000,1,False,50,,15,20
254,95.6471935853379,2014.0,10553109136.0,10559104842.0,46.0,46.0,1.0,1.0,2.0,2.0,206.0,10556108140.0,2014.0,46.0,1.0,2.0,10,10,200000,0.8719069089338991,100000,1,False,50,,15,20
255,27.1278195488722,2014.0,10553109136.0,10559104842.0,46.0,46.0,1.0,1.0,2.0,2.0,284.0,10557111076.0,2014.0,46.0,1.0,2.0,10,10,200000,0.8719069089338991,100000,1,False,50,,15,20
256,23.1182795698925,2014.0,10553109136.0,10559104842.0,46.0,46.0,1.0,1.0,2.0,2.0,77.0,10556106020.0,2014.0,46.0,1.0,2.0,10,10,200000,0.8719069089338991,100000,1,False,50,,15,20
257,92.6157697121402,2014.0,10553109136.0,10559104842.0,46.0,46.0,1.0,1.0,2.0,2.0,72.0,10557107636.0,2014.0,46.0,1.0,2.0,10,10,200000,0.8719069089338991,100000,1,False,50,,15,20
258,142.18009478673,2014.0,10553109136.0,10559104842.0,46.0,46.0,1.0,1.0,2.0,2.0,46.0,10559104842.0,2014.0,46.0,1.0,2.0,10,10,200000,0.8719069089338991,100000,1,False,50,,15,20
259,105.638945233266,2014.0,10551103771.0,10557110550.0,46.0,46.0,1.0,1.0,2.0,2.0,303.0,10552110948.0,2014.0,46.0,1.0,2.0,10,10,200000,0.8636826552309831,100000,1,False,50,,17,9
260,33.5990888382688,2014.0,10551103771.0,10557110550.0,46.0,46.0,1.0,1.0,2.0,2.0,16.0,10556103260.0,2014.0,46.0,1.0,2.0,10,10,200000,0.8636826552309831,100000,1,False,50,,17,9
261,241.607717041801,2014.0,10551103771.0,10557110550.0,46.0,46.0,1.0,1.0,2.0,2.0,327.0,10552107719.0,2014.0,46.0,1.0,2.0,10,10,200000,0.8636826552309831,100000,1,False,50,,17,9
262,21.4285714285714,2014.0,10551103771.0,10557110550.0,46.0,46.0,1.0,1.0,2.0,2.0,108.0,10556104921.0,2014.0,46.0,1.0,2.0,10,10,200000,0.8636826552309831,100000,1,False,50,,17,9
263,238.274647887324,2014.0,10551103771.0,10557110550.0,46.0,46.0,1.0,1.0,2.0,2.0,324.0,10551103771.0,2014.0,46.0,1.0,2.0,10,10,200000,0.8636826552309831,100000,1,False,50,,17,9
264,35.7259296994396,2014.0,10551103771.0,10557110550.0,46.0,46.0,1.0,1.0,2.0,2.0,306.0,10552100118.0,2014.0,46.0,1.0,2.0,10,10,200000,0.8636826552309831,100000,1,False,50,,17,9
265,84.3547224224946,2014.0,10551103771.0,10557110550.0,46.0,46.0,1.0,1.0,2.0,2.0,342.0,10551107574.0,2014.0,46.0,1.0,2.0,10,10,200000,0.8636826552309831,100000,1,False,50,,17,9
266,110.112219451372,2014.0,10551103771.0,10557110550.0,46.0,46.0,1.0,1.0,2.0,2.0,326.0,10557107276.0,2014.0,46.0,1.0,2.0,10,10,200000,0.8636826552309831,100000,1,False,50,,17,9
267,23.6071765816808,2014.0,10551103771.0,10557110550.0,46.0,46.0,1.0,1.0,2.0,2.0,32.0,10556103267.0,2014.0,46.0,1.0,2.0,10,10,200000,0.8636826552309831,100000,1,False,50,,17,9
268,2253.6023054755,2014.0,10551103771.0,10557110550.0,46.0,46.0,1.0,1.0,2.0,2.0,157.0,10553107260.0,2014.0,46.0,1.0,2.0,10,10,200000,0.8636826552309831,100000,1,False,50,,17,9
269,19.4915254237288,2014.0,10551103771.0,10557110550.0,46.0,46.0,1.0,1.0,2.0,2.0,26.0,10557110550.0,2014.0,46.0,1.0,2.0,10,10,200000,0.8636826552309831,100000,1,False,50,,17,9
270,277.522935779817,2014.0,10551104660.0,10559101668.0,46.0,46.0,1.0,1.0,1.0,2.0,199.0,10552103429.0,2014.0,46.0,1.0,2.0,10,10,200000,0.8565728348442606,100000,1,False,50,,23,10
271,127.610208816705,2014.0,10551104660.0,10559101668.0,46.0,46.0,1.0,1.0,1.0,2.0,68.0,10558103629.0,2014.0,46.0,1.0,2.0,10,10,200000,0.8565728348442606,100000,1,False,50,,23,10
272,15027.027027027,2014.0,10551104660.0,10559101668.0,46.0,46.0,1.0,1.0,1.0,2.0,370.0,10553109870.0,2014.0,46.0,1.0,2.0,10,10,200000,0.8565728348442606,100000,1,False,50,,23,10
273,92.8346456692913,2014.0,10551104660.0,10559101668.0,46.0,46.0,1.0,1.0,1.0,2.0,287.0,10551105720.0,2014.0,46.0,1.0,2.0,10,10,200000,0.8565728348442606,100000,1,False,50,,23,10
274,76.717811874583,2014.0,10552106640.0,10559108226.0,46.0,46.0,1.0,1.0,2.0,2.0,91.0,10559106067.0,2014.0,46.0,1.0,2.0,10,10,200000,0.8565728348442606,100000,1,False,50,,19,15
275,838.461538461538,2014.0,10552106640.0,10559108226.0,46.0,46.0,1.0,1.0,2.0,2.0,166.0,10559108226.0,2014.0,46.0,1.0,2.0,10,10,200000,0.8565728348442606,100000,1,False,50,,19,15
276,334.0,2014.0,10552106640.0,10559108226.0,46.0,46.0,1.0,1.0,2.0,2.0,307.0,10557103333.0,2014.0,46.0,1.0,2.0,10,10,200000,0.8565728348442606,100000,1,False,50,,19,15
277,52.0618556701031,2014.0,10552106640.0,10559108226.0,46.0,46.0,1.0,1.0,2.0,2.0,333.0,10552106640.0,2014.0,46.0,1.0,2.0,10,10,200000,0.8565728348442606,100000,1,False,50,,19,15
278,58.9211618257261,2014.0,10552106640.0,10559108226.0,46.0,46.0,1.0,1.0,2.0,2.0,62.0,10558108934.0,2014.0,46.0,1.0,2.0,10,10,200000,0.8565728348442606,100000,1,False,50,,19,15
279,134.419551934827,2014.0,10552106640.0,10559108226.0,46.0,46.0,1.0,1.0,2.0,2.0,214.0,10555107223.0,2014.0,46.0,1.0,2.0,10,10,200000,0.8565728348442606,100000,1,False,50,,19,15
280,109.312320916905,2014.0,10552106640.0,10559108226.0,46.0,46.0,1.0,1.0,2.0,2.0,262.0,10557106237.0,2014.0,46.0,1.0,2.0,10,10,200000,0.8565728348442606,100000,1,False,50,,19,15
281,151.610865445357,2014.0,10552106640.0,10559108226.0,46.0,46.0,1.0,1.0,2.0,2.0,201.0,10555103270.0,2014.0,46.0,1.0,2.0,10,10,200000,0.8565728348442606,100000,1,False,50,,19,15
282,67.4342105263158,2014.0,10552106640.0,10559108226.0,46.0,46.0,1.0,1.0,2.0,2.0,31.0,10555104561.0,2014.0,46.0,1.0,2.0,10,10,200000,0.8565728348442606,100000,1,False,50,,19,15
283,718.336483931947,2014.0,10552106640.0,10559108226.0,46.0,46.0,1.0,1.0,2.0,2.0,218.0,10554108011.0,2014.0,46.0,1.0,2.0,10,10,200000,0.8565728348442606,100000,1,False,50,,19,15
284,454.146341463415,2014.0,10551101920.0,10559110551.0,46.0,46.0,1.0,1.0,2.0,2.0,290.0,10551101920.0,2014.0,46.0,1.0,2.0,10,10,200000,0.8576052406416992,100000,1,False,50,,21,6
285,359.375,2014.0,10551101920.0,10559110551.0,46.0,46.0,1.0,1.0,2.0,2.0,209.0,10551105770.0,2014.0,46.0,1.0,2.0,10,10,200000,0.8576052406416992,100000,1,False,50,,21,6
286,81.6505706760316,2014.0,10551101920.0,10559110551.0,46.0,46.0,1.0,1.0,2.0,2.0,59.0,10551108264.0,2014.0,46.0,1.0,2.0,10,10,200000,0.8576052406416992,100000,1,False,50,,21,6
287,92.2730682670668,2014.0,10551101920.0,10559110551.0,46.0,46.0,1.0,1.0,2.0,2.0,352.0,10558104266.0,2014.0,46.0,1.0,2.0,10,10,200000,0.8576052406416992,100000,1,False,50,,21,6
288,82.9979879275654,2014.0,10551101920.0,10559110551.0,46.0,46.0,1.0,1.0,2.0,2.0,349.0,10555101161.0,2014.0,46.0,1.0,2.0,10,10,200000,0.8576052406416992,100000,1,False,50,,21,6
289,13.9240506329114,2014.0,10551101920.0,10559110551.0,46.0,46.0,1.0,1.0,2.0,2.0,80.0,10559110551.0,2014.0,46.0,1.0,2.0,10,10,200000,0.8576052406416992,100000,1,False,50,,21,6
290,75.2688172043011,2014.0,10551101920.0,10559110551.0,46.0,46.0,1.0,1.0,2.0,2.0,197.0,10554110074.0,2014.0,46.0,1.0,2.0,10,10,200000,0.8576052406416992,100000,1,False,50,,21,6
291,93.877245508982,2014.0,10551101920.0,10559110551.0,46.0,46.0,1.0,1.0,2.0,2.0,177.0,10554102231.0,2014.0,46.0,1.0,2.0,10,10,200000,0.8576052406416992,100000,1,False,50,,21,6
292,95.6399437412096,2014.0,10551101920.0,10559110551.0,46.0,46.0,1.0,1.0,2.0,2.0,35.0,10554101846.0,2014.0,46.0,1.0,2.0,10,10,200000,0.8576052406416992,100000,1,False,50,,21,6
293,28.6144578313253,2014.0,10551101920.0,10559110551.0,46.0,46.0,1.0,1.0,2.0,2.0,113.0,10553101320.0,2014.0,46.0,1.0,2.0,10,10,200000,0.8576052406416992,100000,1,False,50,,21,6
294,58.747591522158,2014.0,10551101920.0,10559110551.0,46.0,46.0,1.0,1.0,2.0,2.0,184.0,10556103723.0,2014.0,46.0,1.0,2.0,10,10,200000,0.8576052406416992,100000,1,False,50,,21,6
295,205.955334987593,2014.0,10553100116.0,10559110871.0,46.0,46.0,1.0,1.0,2.0,2.0,90.0,10553100116.0,2014.0,46.0,1.0,2.0,10,10,200000,0.8655077166961339,100000,1,False,50,,14,17
296,43.4726368159204,2014.0,10553100116.0,10559110871.0,46.0,46.0,1.0,1.0,2.0,2.0,176.0,10557105961.0,2014.0,46.0,1.0,2.0,10,10,200000,0.8655077166961339,100000,1,False,50,,14,17
297,87.5,2014.0,10553100116.0,10559110871.0,46.0,46.0,1.0,1.0,2.0,2.0,41.0,10556108773.0,2014.0,46.0,1.0,2.0,10,10,200000,0.8655077166961339,100000,1,False,50,,14,17
298,74.346201743462,2014.0,10553100116.0,10559110871.0,46.0,46.0,1.0,1.0,2.0,2.0,172.0,10558107215.0,2014.0,46.0,1.0,2.0,10,10,200000,0.8655077166961339,100000,1,False,50,,14,17
299,40.8602150537634,2014.0,10553100116.0,10559110871.0,46.0,46.0,1.0,1.0,2.0,2.0,10.0,10553101631.0,2014.0,46.0,1.0,2.0,10,10,200000,0.8655077166961339,100000,1,False,50,,14,17
300,39.0763765541741,2014.0,10553100116.0,10559110871.0,46.0,46.0,1.0,1.0,2.0,2.0,51.0,10553105276.0,2014.0,46.0,1.0,2.0,10,10,200000,0.8655077166961339,100000,1,False,50,,14,17
301,77.1319018404908,2014.0,10553100116.0,10559110871.0,46.0,46.0,1.0,1.0,2.0,2.0,252.0,10554101248.0,2014.0,46.0,1.0,2.0,10,10,200000,0.8655077166961339,100000,1,False,50,,14,17
302,103.80829015544,2014.0,10553100116.0,10559110871.0,46.0,46.0,1.0,1.0,2.0,2.0,263.0,10554104446.0,2014.0,46.0,1.0,2.0,10,10,200000,0.8655077166961339,100000,1,False,50,,14,17
303,98.6460348162476,2014.0,10553100116.0,10559110871.0,46.0,46.0,1.0,1.0,2.0,2.0,37.0,10559110871.0,2014.0,46.0,1.0,2.0,10,10,200000,0.8655077166961339,100000,1,False,50,,14,17
304,164.333087693441,2014.0,10553100116.0,10559110871.0,46.0,46.0,1.0,1.0,2.0,2.0,164.0,10553110455.0,2014.0,46.0,1.0,2.0,10,10,200000,0.8655077166961339,100000,1,False,50,,14,17
305,319.354838709677,2014.0,10551103771.0,10557110550.0,46.0,46.0,1.0,1.0,2.0,2.0,203.0,10551110946.0,2014.0,46.0,1.0,2.0,10,10,200000,0.859450569441403,100000,1,False,50,,17,9
306,437.224669603524,2014.0,10551101920.0,10559110551.0,46.0,46.0,1.0,1.0,2.0,2.0,200.0,10559101141.0,2014.0,46.0,1.0,2.0,10,10,200000,0.859450569441403,100000,1,False,50,,21,6
307,38.0952380952381,2014.0,10551103771.0,10557110550.0,46.0,46.0,1.0,1.0,2.0,2.0,340.0,10554106313.0,2014.0,46.0,1.0,2.0,10,10,200000,0.859450569441403,100000,1,False,50,,17,9
308,43.9093484419263,2014.0,10551101920.0,10559110551.0,46.0,46.0,1.0,1.0,2.0,2.0,123.0,10551110265.0,2014.0,46.0,1.0,2.0,10,10,200000,0.859450569441403,100000,1,False,50,,21,6
309,40.6917599186165,2014.0,10551104660.0,10559101668.0,46.0,46.0,1.0,1.0,1.0,2.0,348.0,10558101718.0,2014.0,46.0,1.0,2.0,10,10,200000,0.859450569441403,100000,1,False,50,,23,10
310,70.910780669145,2014.0,10553100116.0,10559110871.0,46.0,46.0,1.0,1.0,2.0,2.0,257.0,10558107435.0,2014.0,46.0,1.0,2.0,10,10,200000,0.859450569441403,100000,1,False,50,,14,17
311,31.459595959596,2014.0,10552106640.0,10559108226.0,46.0,46.0,1.0,1.0,2.0,2.0,261.0,10557100939.0,2014.0,46.0,1.0,2.0,10,10,200000,0.859450569441403,100000,1,False,50,,19,15
312,55.582154515778,2014.0,10553109136.0,10559104842.0,46.0,46.0,1.0,1.0,2.0,2.0,315.0,10557105861.0,2014.0,46.0,1.0,2.0,10,10,200000,0.859450569441403,100000,1,False,50,,15,20
313,210.299727520436,2014.0,10551103771.0,10557110550.0,46.0,46.0,1.0,1.0,2.0,2.0,283.0,10552109563.0,2014.0,46.0,1.0,2.0,10,10,200000,0.859450569441403,100000,1,False,50,,17,9
314,32.703488372093,2014.0,10553100116.0,10559110871.0,46.0,46.0,1.0,1.0,2.0,2.0,82.0,10555106778.0,2014.0,46.0,1.0,2.0,10,10,200000,0.859450569441403,100000,1,False,50,,14,17
315,4.06091370558376,2014.0,10551103771.0,10557110550.0,46.0,46.0,1.0,1.0,2.0,2.0,93.0,10555110971.0,2014.0,46.0,1.0,2.0,10,10,200000,0.859450569441403,100000,1,False,50,,17,9
316,96.7605633802817,2014.0,10551104660.0,10559101668.0,46.0,46.0,1.0,1.0,1.0,2.0,264.0,10555107450.0,2014.0,46.0,1.0,2.0,10,10,200000,0.859450569441403,100000,1,False,50,,23,10
317,70.0815956482321,2014.0,10551104660.0,10559101668.0,46.0,46.0,1.0,1.0,1.0,2.0,300.0,10555105845.0,2014.0,46.0,1.0,2.0,10,10,200000,0.859450569441403,100000,1,False,50,,23,10
318,26.1267145656434,2014.0,10551101920.0,10559110551.0,46.0,46.0,1.0,1.0,2.0,2.0,132.0,10551106160.0,2014.0,46.0,1.0,2.0,10,10,200000,0.859450569441403,100000,1,False,50,,21,6
319,98.5981308411215,2014.0,10553100116.0,10559110871.0,46.0,46.0,1.0,1.0,2.0,2.0,236.0,10558101067.0,2014.0,46.0,1.0,2.0,10,10,200000,0.859450569441403,100000,1,False,50,,14,17
320,7.30747611017426,2014.0,10551101920.0,10559110551.0,46.0,46.0,1.0,1.0,2.0,2.0,107.0,10559110052.0,2014.0,46.0,1.0,2.0,10,10,200000,0.859450569441403,100000,1,False,50,,21,6
321,75.124826629681,2014.0,10551101920.0,10559110551.0,46.0,46.0,1.0,1.0,2.0,2.0,275.0,10552108159.0,2014.0,46.0,1.0,2.0,10,10,200000,0.859450569441403,100000,1,False,50,,21,6
322,32.774945375091,2014.0,10552106640.0,10559108226.0,46.0,46.0,1.0,1.0,2.0,2.0,39.0,10555100331.0,2014.0,46.0,1.0,2.0,10,10,200000,0.859450569441403,100000,1,False,50,,19,15
323,25.3431890179514,2014.0,10551101920.0,10559110551.0,46.0,46.0,1.0,1.0,2.0,2.0,154.0,10559104823.0,2014.0,46.0,1.0,2.0,10,10,200000,0.859450569441403,100000,1,False,50,,21,6
324,497.333333333333,2014.0,10551101920.0,10559110551.0,46.0,46.0,1.0,1.0,2.0,2.0,222.0,10551103175.0,2014.0,46.0,1.0,2.0,10,10,200000,0.859450569441403,100000,1,False,50,,21,6
325,74.290637564618,2014.0,10552106640.0,10559108226.0,46.0,46.0,1.0,1.0,2.0,2.0,289.0,10555100228.0,2014.0,46.0,1.0,2.0,10,10,200000,0.859450569441403,100000,1,False,50,,19,15
326,43.558282208589,2014.0,10551101920.0,10559110551.0,46.0,46.0,1.0,1.0,2.0,2.0,343.0,10559104563.0,2014.0,46.0,1.0,2.0,10,10,200000,0.859450569441403,100000,1,False,50,,21,6
327,10.3270223752151,2014.0,10553109136.0,10559104842.0,46.0,46.0,1.0,1.0,2.0,2.0,36.0,10559101051.0,2014.0,46.0,1.0,2.0,10,10,200000,0.859450569441403,100000,1,False,50,,15,20
328,66.6171428571429,2014.0,10551103771.0,10557110550.0,46.0,46.0,1.0,1.0,2.0,2.0,260.0,10557105135.0,2014.0,46.0,1.0,2.0,10,10,200000,0.859450569441403,100000,1,False,50,,17,9
329,39.7849462365591,2014.0,10551101920.0,10559110551.0,46.0,46.0,1.0,1.0,2.0,2.0,136.0,10551102019.0,2014.0,46.0,1.0,2.0,10,10,200000,0.859450569441403,100000,1,False,50,,21,6
330,144.657039711191,2014.0,10551103771.0,10557110550.0,46.0,46.0,1.0,1.0,2.0,2.0,266.0,10556108119.0,2014.0,46.0,1.0,2.0,10,10,200000,0.859450569441403,100000,1,False,50,,17,9
331,14.6168582375479,2014.0,10552106640.0,10559108226.0,46.0,46.0,1.0,1.0,2.0,2.0,159.0,10556103220.0,2014.0,46.0,1.0,2.0,10,10,200000,0.859450569441403,100000,1,False,50,,19,15
332,71.2386156648452,2014.0,10552106640.0,10559108226.0,46.0,46.0,1.0,1.0,2.0,2.0,281.0,10556107957.0,2014.0,46.0,1.0,2.0,10,10,200000,0.859450569441403,100000,1,False,50,,19,15
333,230.263157894737,2014.0,10552106640.0,10559108226.0,46.0,46.0,1.0,1.0,2.0,2.0,360.0,10559107719.0,2014.0,46.0,1.0,2.0,10,10,200000,0.859450569441403,100000,1,False,50,,19,15
334,0.0,2014.0,10551104660.0,10559101668.0,46.0,46.0,1.0,1.0,1.0,2.0,347.0,10558105915.0,2014.0,46.0,1.0,2.0,10,10,200000,0.859450569441403,100000,1,False,50,,23,10
335,84.161554192229,2014.0,10553109136.0,10559104842.0,46.0,46.0,1.0,1.0,2.0,2.0,318.0,10553109658.0,2014.0,46.0,1.0,2.0,10,10,200000,0.859450569441403,100000,1,False,50,,15,20
336,403.389830508475,2014.0,10551104660.0,10559101668.0,46.0,46.0,1.0,1.0,1.0,2.0,103.0,10557111013.0,2014.0,46.0,1.0,2.0,10,10,200000,0.859450569441403,100000,1,False,50,,23,10
337,62.1161191749427,2014.0,10552106640.0,10559108226.0,46.0,46.0,1.0,1.0,2.0,2.0,321.0,10553101264.0,2014.0,46.0,1.0,2.0,10,10,200000,0.859450569441403,100000,1,False,50,,19,15
338,41.1184210526316,2014.0,10552106640.0,10559108226.0,46.0,46.0,1.0,1.0,2.0,2.0,111.0,10557101656.0,2014.0,46.0,1.0,2.0,10,10,200000,0.859450569441403,100000,1,False,50,,19,15
339,23.0891719745223,2014.0,10551104660.0,10559101668.0,46.0,46.0,1.0,1.0,1.0,2.0,63.0,10557105526.0,2014.0,46.0,1.0,2.0,10,10,200000,0.859450569441403,100000,1,False,50,,23,10
340,5.79710144927536,2014.0,10551104660.0,10559101668.0,46.0,46.0,1.0,1.0,1.0,2.0,96.0,10552109716.0,2014.0,46.0,1.0,2.0,10,10,200000,0.859450569441403,100000,1,False,50,,23,10
341,41.5763195435093,2014.0,10553109136.0,10559104842.0,46.0,46.0,1.0,1.0,2.0,2.0,167.0,10557101357.0,2014.0,46.0,1.0,2.0,10,10,200000,0.859450569441403,100000,1,False,50,,15,20
342,53.9355271994627,2014.0,10553100116.0,10559110871.0,46.0,46.0,1.0,1.0,2.0,2.0,296.0,10555100143.0,2014.0,46.0,1.0,2.0,10,10,200000,0.859450569441403,100000,1,False,50,,14,17
343,505.61797752809,2014.0,10553109136.0,10559104842.0,46.0,46.0,1.0,1.0,2.0,2.0,314.0,10553109212.0,2014.0,46.0,1.0,2.0,10,10,200000,0.859450569441403,100000,1,False,50,,15,20
344,30.7429547395389,2014.0,10551100613.0,10558100437.0,46.0,46.0,1.0,1.0,2.0,2.0,137.0,10551100613.0,2014.0,46.0,1.0,2.0,10,10,200000,0.859450569441403,100000,1,False,50,,12,0
345,412.48097412481,2014.0,10551100613.0,10558100437.0,46.0,46.0,1.0,1.0,2.0,2.0,355.0,10552101118.0,2014.0,46.0,1.0,2.0,10,10,200000,0.859450569441403,100000,1,False,50,,12,0
346,197.786998616874,2014.0,10551100613.0,10558100437.0,46.0,46.0,1.0,1.0,2.0,2.0,144.0,10552104838.0,2014.0,46.0,1.0,2.0,10,10,200000,0.859450569441403,100000,1,False,50,,12,0
347,152.425925925926,2014.0,10551100613.0,10558100437.0,46.0,46.0,1.0,1.0,2.0,2.0,280.0,10552108666.0,2014.0,46.0,1.0,2.0,10,10,200000,0.859450569441403,100000,1,False,50,,12,0
348,79.245630174793,2014.0,10551100613.0,10558100437.0,46.0,46.0,1.0,1.0,2.0,2.0,244.0,10553110023.0,2014.0,46.0,1.0,2.0,10,10,200000,0.859450569441403,100000,1,False,50,,12,0
349,4.64131994261119,2014.0,10551100613.0,10558100437.0,46.0,46.0,1.0,1.0,2.0,2.0,134.0,10552107363.0,2014.0,46.0,1.0,2.0,10,10,200000,0.859450569441403,100000,1,False,50,,12,0
350,28.312570781427,2014.0,10551100613.0,10558100437.0,46.0,46.0,1.0,1.0,2.0,2.0,267.0,10554108914.0,2014.0,46.0,1.0,2.0,10,10,200000,0.859450569441403,100000,1,False,50,,12,0
351,24.7718383311604,2014.0,10551100613.0,10558100437.0,46.0,46.0,1.0,1.0,2.0,2.0,365.0,10558100437.0,2014.0,46.0,1.0,2.0,10,10,200000,0.859450569441403,100000,1,False,50,,12,0
352,42.5531914893617,2014.0,10551100613.0,10558100437.0,46.0,46.0,1.0,1.0,2.0,2.0,109.0,10556105011.0,2014.0,46.0,1.0,2.0,10,10,200000,0.859450569441403,100000,1,False,50,,12,0
353,103.356890459364,2014.0,10551100613.0,10558100437.0,46.0,46.0,1.0,1.0,2.0,2.0,217.0,10556101011.0,2014.0,46.0,1.0,2.0,10,10,200000,0.859450569441403,100000,1,False,50,,12,0
354,37.037037037037,2014.0,10551100613.0,10558100437.0,46.0,46.0,1.0,1.0,2.0,2.0,52.0,10557107513.0,2014.0,46.0,1.0,2.0,10,10,200000,0.859450569441403,100000,1,False,50,,12,0
355,46.0530679933665,2014.0,10551101920.0,10559110551.0,46.0,46.0,1.0,1.0,2.0,2.0,285.0,10558103316.0,2014.0,46.0,1.0,2.0,10,10,200000,0.8601699067001045,100000,1,False,50,,21,6
356,195.740365111562,2014.0,10552106640.0,10559108226.0,46.0,46.0,1.0,1.0,2.0,2.0,346.0,10556104064.0,2014.0,46.0,1.0,2.0,10,10,200000,0.8601699067001045,100000,1,False,50,,19,15
357,35.0601779173208,2014.0,10551100613.0,10558100437.0,46.0,46.0,1.0,1.0,2.0,2.0,78.0,10551100724.0,2014.0,46.0,1.0,2.0,10,10,200000,0.8601699067001045,100000,1,False,50,,12,0
358,89.7097625329815,2014.0,10551104660.0,10559101668.0,46.0,46.0,1.0,1.0,1.0,2.0,87.0,10558102330.0,2014.0,46.0,1.0,2.0,10,10,200000,0.8601699067001045,100000,1,False,50,,23,10
359,405.684754521964,2014.0,10551100724.0,10559110871.0,46.0,46.0,1.0,1.0,2.0,3.0,210.0,10552101069.0,2014.0,46.0,1.0,3.0,10,10,200000,0.8601699067001045,100000,1,False,50,,57,1
360,80.6726768377254,2014.0,10551100724.0,10559110871.0,46.0,46.0,1.0,1.0,2.0,3.0,275.0,10552108159.0,2014.0,46.0,1.0,3.0,10,10,200000,0.8601699067001045,100000,1,False,50,,57,1
361,105.555555555556,2014.0,10551100724.0,10559110871.0,46.0,46.0,1.0,1.0,2.0,3.0,242.0,10551106862.0,2014.0,46.0,1.0,3.0,10,10,200000,0.8601699067001045,100000,1,False,50,,57,1
362,96.7117988394584,2014.0,10551100724.0,10559110871.0,46.0,46.0,1.0,1.0,2.0,3.0,37.0,10559110871.0,2014.0,46.0,1.0,3.0,10,10,200000,0.8601699067001045,100000,1,False,50,,57,1
363,118.852867830424,2014.0,10551100724.0,10559110871.0,46.0,46.0,1.0,1.0,2.0,3.0,326.0,10557107276.0,2014.0,46.0,1.0,3.0,10,10,200000,0.8601699067001045,100000,1,False,50,,57,1
364,39.5648535564854,2014.0,10551100724.0,10559110871.0,46.0,46.0,1.0,1.0,2.0,3.0,179.0,10557109015.0,2014.0,46.0,1.0,3.0,10,10,200000,0.8601699067001045,100000,1,False,50,,57,1
365,287.878787878788,2014.0,10551100724.0,10559110871.0,46.0,46.0,1.0,1.0,2.0,3.0,358.0,10558105552.0,2014.0,46.0,1.0,3.0,10,10,200000,0.8601699067001045,100000,1,False,50,,57,1
366,408.590308370044,2014.0,10551100724.0,10559110871.0,46.0,46.0,1.0,1.0,2.0,3.0,200.0,10559101141.0,2014.0,46.0,1.0,3.0,10,10,200000,0.8601699067001045,100000,1,False,50,,57,1
367,1063.12292358804,2014.0,10551100724.0,10559110871.0,46.0,46.0,1.0,1.0,2.0,3.0,216.0,10559106038.0,2014.0,46.0,1.0,3.0,10,10,200000,0.8601699067001045,100000,1,False,50,,57,1
368,31.0432569974555,2014.0,10551100724.0,10559110871.0,46.0,46.0,1.0,1.0,2.0,3.0,56.0,10559103966.0,2014.0,46.0,1.0,3.0,10,10,200000,0.8601699067001045,100000,1,False,50,,57,1
369,116.009280742459,2014.0,10551100724.0,10559110871.0,46.0,46.0,1.0,1.0,2.0,3.0,68.0,10558103629.0,2014.0,46.0,1.0,3.0,10,10,200000,0.8601699067001045,100000,1,False,50,,57,1
370,84.0909090909091,2014.0,10551100724.0,10559110871.0,46.0,46.0,1.0,1.0,2.0,3.0,41.0,10556108773.0,2014.0,46.0,1.0,3.0,10,10,200000,0.88269973883673,100000,1,False,50,,57,1
371,231.671554252199,2014.0,10551100724.0,10559110871.0,46.0,46.0,1.0,1.0,2.0,3.0,190.0,10557107078.0,2014.0,46.0,1.0,3.0,10,10,200000,0.88269973883673,100000,1,False,50,,57,1
372,14.5395799676898,2014.0,10551100724.0,10559110871.0,46.0,46.0,1.0,1.0,2.0,3.0,112.0,10559102156.0,2014.0,46.0,1.0,3.0,10,10,200000,0.88269973883673,100000,1,False,50,,57,1
373,108.5,2014.0,10551100724.0,10559110871.0,46.0,46.0,1.0,1.0,2.0,3.0,211.0,10559107546.0,2014.0,46.0,1.0,3.0,10,10,200000,0.88269973883673,100000,1,False,50,,57,1
374,34.3612334801762,2014.0,10551100724.0,10559110871.0,46.0,46.0,1.0,1.0,2.0,3.0,20.0,10559100036.0,2014.0,46.0,1.0,3.0,10,10,200000,0.88269973883673,100000,1,False,50,,57,1
375,59.2233009708738,2014.0,10551100724.0,10559110871.0,46.0,46.0,1.0,1.0,2.0,3.0,76.0,10551107774.0,2014.0,46.0,1.0,3.0,10,10,200000,0.88269973883673,100000,1,False,50,,57,1
376,568.313021167415,2014.0,10551100724.0,10559110871.0,46.0,46.0,1.0,1.0,2.0,3.0,353.0,10554101471.0,2014.0,46.0,1.0,3.0,10,10,200000,0.88269973883673,100000,1,False,50,,57,1
377,18.0572851805729,2014.0,10551100724.0,10559110871.0,46.0,46.0,1.0,1.0,2.0,3.0,22.0,10556104713.0,2014.0,46.0,1.0,3.0,10,10,200000,0.88269973883673,100000,1,False,50,,57,1
378,517.006802721088,2014.0,10551100724.0,10559110871.0,46.0,46.0,1.0,1.0,2.0,3.0,207.0,10551102629.0,2014.0,46.0,1.0,3.0,10,10,200000,0.88269973883673,100000,1,False,50,,57,1
379,33.4302325581395,2014.0,10551100724.0,10559110871.0,46.0,46.0,1.0,1.0,2.0,3.0,82.0,10555106778.0,2014.0,46.0,1.0,3.0,10,10,200000,0.88269973883673,100000,1,False,50,,57,1
380,3.18877551020408,2014.0,10551100724.0,10559110871.0,46.0,46.0,1.0,1.0,2.0,3.0,117.0,10552104257.0,2014.0,46.0,1.0,3.0,10,10,200000,0.88269973883673,100000,1,False,50,,57,1
381,36.875,2014.0,10553105653.0,10559110551.0,46.0,46.0,1.0,1.0,3.0,3.0,170.0,10553106780.0,2014.0,46.0,1.0,3.0,10,10,200000,0.88269973883673,100000,1,False,50,,40,18
382,32.4601366742597,2014.0,10553105653.0,10559110551.0,46.0,46.0,1.0,1.0,3.0,3.0,16.0,10556103260.0,2014.0,46.0,1.0,3.0,10,10,200000,0.88269973883673,100000,1,False,50,,40,18
383,13.9240506329114,2014.0,10553105653.0,10559110551.0,46.0,46.0,1.0,1.0,3.0,3.0,80.0,10559110551.0,2014.0,46.0,1.0,3.0,10,10,200000,0.88269973883673,100000,1,False,50,,40,18
384,7.25593667546174,2014.0,10553105653.0,10559110551.0,46.0,46.0,1.0,1.0,3.0,3.0,23.0,10553105653.0,2014.0,46.0,1.0,3.0,10,10,200000,0.88269973883673,100000,1,False,50,,40,18
385,41.6036308623298,2014.0,10553105653.0,10559110551.0,46.0,46.0,1.0,1.0,3.0,3.0,165.0,10559100761.0,2014.0,46.0,1.0,3.0,10,10,200000,0.88269973883673,100000,1,False,50,,40,18
386,44.125,2014.0,10553105653.0,10559110551.0,46.0,46.0,1.0,1.0,3.0,3.0,249.0,10553108140.0,2014.0,46.0,1.0,3.0,10,10,200000,0.88269973883673,100000,1,False,50,,40,18
387,58.6176142697882,2014.0,10553105653.0,10559110551.0,46.0,46.0,1.0,1.0,3.0,3.0,320.0,10555107717.0,2014.0,46.0,1.0,3.0,10,10,200000,0.88269973883673,100000,1,False,50,,40,18
388,78.0082987551867,2014.0,10553105653.0,10559110551.0,46.0,46.0,1.0,1.0,3.0,3.0,127.0,10557108047.0,2014.0,46.0,1.0,3.0,10,10,200000,0.88269973883673,100000,1,False,50,,40,18
389,44.9077786688051,2014.0,10553105653.0,10559110551.0,46.0,46.0,1.0,1.0,3.0,3.0,126.0,10555104678.0,2014.0,46.0,1.0,3.0,10,10,200000,0.88269973883673,100000,1,False,50,,40,18
390,25.1937984496124,2014.0,10553105653.0,10559110551.0,46.0,46.0,1.0,1.0,3.0,3.0,356.0,10554105734.0,2014.0,46.0,1.0,3.0,10,10,200000,0.88269973883673,100000,1,False,50,,40,18
391,90.3614457831325,2014.0,10551100724.0,10559110871.0,46.0,46.0,1.0,1.0,2.0,3.0,105.0,10552108031.0,2014.0,46.0,1.0,3.0,10,10,200000,0.8766512823856464,100000,1,False,50,,57,1
392,83.1973898858075,2014.0,10551100724.0,10559110871.0,46.0,46.0,1.0,1.0,2.0,3.0,58.0,10554101829.0,2014.0,46.0,1.0,3.0,10,10,200000,0.8766512823856464,100000,1,False,50,,57,1
393,116.744496330887,2014.0,10553105653.0,10559110551.0,46.0,46.0,1.0,1.0,3.0,3.0,91.0,10559106067.0,2014.0,46.0,1.0,3.0,10,10,200000,0.8766512823856464,100000,1,False,50,,40,18
394,33.8409475465313,2014.0,10553105653.0,10559110551.0,46.0,46.0,1.0,1.0,3.0,3.0,45.0,10559104937.0,2014.0,46.0,1.0,3.0,10,10,200000,0.8766512823856464,100000,1,False,50,,40,18
395,457.178841309824,2014.0,10551100724.0,10559110871.0,46.0,46.0,1.0,1.0,2.0,3.0,341.0,10555100624.0,2014.0,46.0,1.0,3.0,10,10,200000,0.8766512823856464,100000,1,False,50,,57,1
396,36.8269230769231,2014.0,10551100724.0,10559110871.0,46.0,46.0,1.0,1.0,2.0,3.0,183.0,10553101866.0,2014.0,46.0,1.0,3.0,10,10,200000,0.8766512823856464,100000,1,False,50,,57,1
397,83.2708177044261,2014.0,10553105653.0,10559110551.0,46.0,46.0,1.0,1.0,3.0,3.0,352.0,10558104266.0,2014.0,46.0,1.0,3.0,10,10,200000,0.8766512823856464,100000,1,False,50,,40,18
398,256.09756097561,2014.0,10551100724.0,10559110871.0,46.0,46.0,1.0,1.0,2.0,3.0,101.0,10551107820.0,2014.0,46.0,1.0,3.0,10,10,200000,0.8766512823856464,100000,1,False,50,,57,1
399,22.1187427240978,2014.0,10553105653.0,10559110551.0,46.0,46.0,1.0,1.0,3.0,3.0,332.0,10557102639.0,2014.0,46.0,1.0,3.0,10,10,200000,0.8766512823856464,100000,1,False,50,,40,18
400,77.8598342125094,2014.0,10553105653.0,10559110551.0,46.0,46.0,1.0,1.0,3.0,3.0,271.0,10557103031.0,2014.0,46.0,1.0,3.0,10,10,200000,0.8766512823856464,100000,1,False,50,,40,18
401,35.6550580431177,2014.0,10553105653.0,10559110551.0,46.0,46.0,1.0,1.0,3.0,3.0,13.0,10558101749.0,2014.0,46.0,1.0,3.0,10,10,200000,0.8766512823856464,100000,1,False,50,,40,18
402,183.264177040111,2014.0,10551100724.0,10559110871.0,46.0,46.0,1.0,1.0,2.0,3.0,144.0,10552104838.0,2014.0,46.0,1.0,3.0,10,10,200000,0.8766512823856464,100000,1,False,50,,57,1
403,260.252365930599,2014.0,10551100724.0,10559110871.0,46.0,46.0,1.0,1.0,2.0,3.0,189.0,10554106152.0,2014.0,46.0,1.0,3.0,10,10,200000,0.8766512823856464,100000,1,False,50,,57,1
404,132.036847492323,2014.0,10553105653.0,10559110551.0,46.0,46.0,1.0,1.0,3.0,3.0,227.0,10555103419.0,2014.0,46.0,1.0,3.0,10,10,200000,0.8766512823856464,100000,1,False,50,,40,18
405,18.4921763869132,2014.0,10553105653.0,10559110551.0,46.0,46.0,1.0,1.0,3.0,3.0,2.0,10557107834.0,2014.0,46.0,1.0,3.0,10,10,200000,0.8766512823856464,100000,1,False,50,,40,18
406,204.79302832244,2014.0,10551100724.0,10559110871.0,46.0,46.0,1.0,1.0,2.0,3.0,325.0,10551105870.0,2014.0,46.0,1.0,3.0,10,10,200000,0.8766512823856464,100000,1,False,50,,57,1
407,60.3363006923838,2014.0,10551100724.0,10559110871.0,46.0,46.0,1.0,1.0,2.0,3.0,83.0,10553107573.0,2014.0,46.0,1.0,3.0,10,10,200000,0.8766512823856464,100000,1,False,50,,57,1
408,170.886075949367,2014.0,10551100724.0,10559110871.0,46.0,46.0,1.0,1.0,2.0,3.0,84.0,10556104277.0,2014.0,46.0,1.0,3.0,10,10,200000,0.8766512823856464,100000,1,False,50,,57,1
409,42.7631578947368,2014.0,10553105653.0,10559110551.0,46.0,46.0,1.0,1.0,3.0,3.0,111.0,10557101656.0,2014.0,46.0,1.0,3.0,10,10,200000,0.8766512823856464,100000,1,False,50,,40,18
410,57.5539568345324,2014.0,10553105653.0,10559110551.0,46.0,46.0,1.0,1.0,3.0,3.0,54.0,10554110614.0,2014.0,46.0,1.0,3.0,10,10,200000,0.8766512823856464,100000,1,False,50,,40,18
411,26.4797507788162,2014.0,10553105653.0,10559110551.0,46.0,46.0,1.0,1.0,3.0,3.0,92.0,10558109774.0,2014.0,46.0,1.0,3.0,10,10,200000,0.8766512823856464,100000,1,False,50,,40,18
412,333.040540540541,2014.0,10553105653.0,10559110551.0,46.0,46.0,1.0,1.0,3.0,3.0,294.0,10555106917.0,2014.0,46.0,1.0,3.0,10,10,200000,0.8766512823856464,100000,1,False,50,,40,18
413,42.462627852085,2014.0,10553105653.0,10559110551.0,46.0,46.0,1.0,1.0,3.0,3.0,185.0,10556106733.0,2014.0,46.0,1.0,3.0,10,10,200000,0.8766512823856464,100000,1,False,50,,40,18
414,55.9284116331096,2014.0,10553105653.0,10559110551.0,46.0,46.0,1.0,1.0,3.0,3.0,187.0,10557106723.0,2014.0,46.0,1.0,3.0,10,10,200000,0.8766512823856464,100000,1,False,50,,40,18
415,106.446991404011,2014.0,10551100724.0,10559110871.0,46.0,46.0,1.0,1.0,2.0,3.0,262.0,10557106237.0,2014.0,46.0,1.0,3.0,10,10,200000,0.8766512823856464,100000,1,False,50,,57,1
416,397.009803921569,2014.0,10551100724.0,10559110871.0,46.0,46.0,1.0,1.0,2.0,3.0,235.0,10553104140.0,2014.0,46.0,1.0,3.0,10,10,200000,0.8766512823856464,100000,1,False,50,,57,1
417,43.4726368159204,2014.0,10553105653.0,10559110551.0,46.0,46.0,1.0,1.0,3.0,3.0,176.0,10557105961.0,2014.0,46.0,1.0,3.0,10,10,200000,0.8766512823856464,100000,1,False,50,,40,18
418,96.6386554621849,2014.0,10553105653.0,10559110551.0,46.0,46.0,1.0,1.0,3.0,3.0,97.0,10556109752.0,2014.0,46.0,1.0,3.0,10,10,200000,0.8766512823856464,100000,1,False,50,,40,18
419,67.8824476650564,2014.0,10551100724.0,10559110871.0,46.0,46.0,1.0,1.0,2.0,3.0,302.0,10557100630.0,2014.0,46.0,1.0,3.0,10,10,200000,0.8766512823856464,100000,1,False,50,,57,1
420,32.0466132556446,2014.0,10551100724.0,10559110871.0,46.0,46.0,1.0,1.0,2.0,3.0,39.0,10555100331.0,2014.0,46.0,1.0,3.0,10,10,200000,0.8766512823856464,100000,1,False,50,,57,1
421,1441.35802469136,2014.0,10551100724.0,10559110871.0,46.0,46.0,1.0,1.0,2.0,3.0,161.0,10552108838.0,2014.0,46.0,1.0,3.0,10,10,200000,0.8766512823856464,100000,1,False,50,,57,1
422,8875.0,2014.0,10551100724.0,10559110871.0,46.0,46.0,1.0,1.0,2.0,3.0,196.0,10551109221.0,2014.0,46.0,1.0,3.0,10,10,200000,0.8766512823856464,100000,1,False,50,,57,1
423,77.0901194353963,2014.0,10551100724.0,10559110871.0,46.0,46.0,1.0,1.0,2.0,3.0,74.0,10559103311.0,2014.0,46.0,1.0,3.0,10,10,200000,0.8766512823856464,100000,1,False,50,,57,1
424,33.0368487928844,2014.0,10551100724.0,10559110871.0,46.0,46.0,1.0,1.0,2.0,3.0,42.0,10553102936.0,2014.0,46.0,1.0,3.0,10,10,200000,0.8766512823856464,100000,1,False,50,,57,1
425,3.14300680984809,2014.0,10551100724.0,10559110871.0,46.0,46.0,1.0,1.0,2.0,3.0,95.0,10554101932.0,2014.0,46.0,1.0,3.0,10,10,200000,0.8766512823856464,100000,1,False,50,,57,1
426,164.24510423247,2014.0,10553105653.0,10559110551.0,46.0,46.0,1.0,1.0,3.0,3.0,201.0,10555103270.0,2014.0,46.0,1.0,3.0,10,10,200000,0.8766512823856464,100000,1,False,50,,40,18
427,1.26903553299492,2014.0,10553105653.0,10559110551.0,46.0,46.0,1.0,1.0,3.0,3.0,1.0,10557104860.0,2014.0,46.0,1.0,3.0,10,10,200000,0.8766512823856464,100000,1,False,50,,40,18
428,111.150684931507,2014.0,10553105653.0,10559110551.0,46.0,46.0,1.0,1.0,3.0,3.0,254.0,10559103878.0,2014.0,46.0,1.0,3.0,10,10,200000,0.8766512823856464,100000,1,False,50,,40,18
429,26.2738853503185,2014.0,10553105653.0,10559110551.0,46.0,46.0,1.0,1.0,3.0,3.0,63.0,10557105526.0,2014.0,46.0,1.0,3.0,10,10,200000,0.8766512823856464,100000,1,False,50,,40,18
430,3.95703787450537,2014.0,10553105653.0,10559110551.0,46.0,46.0,1.0,1.0,3.0,3.0,7.0,10557101666.0,2014.0,46.0,1.0,3.0,10,10,200000,0.8766512823856464,100000,1,False,50,,40,18
431,141.439205955335,2014.0,10551100724.0,10559110871.0,46.0,46.0,1.0,1.0,2.0,3.0,90.0,10553100116.0,2014.0,46.0,1.0,3.0,10,10,200000,0.8766512823856464,100000,1,False,50,,57,1
432,44.404973357016,2014.0,10551100724.0,10559110871.0,46.0,46.0,1.0,1.0,2.0,3.0,51.0,10553105276.0,2014.0,46.0,1.0,3.0,10,10,200000,0.8766512823856464,100000,1,False,50,,57,1
433,7.30747611017426,2014.0,10553105653.0,10559110551.0,46.0,46.0,1.0,1.0,3.0,3.0,107.0,10559110052.0,2014.0,46.0,1.0,3.0,10,10,200000,0.8766512823856464,100000,1,False,50,,40,18
434,224.804270462633,2014.0,10551100724.0,10559110871.0,46.0,46.0,1.0,1.0,2.0,3.0,316.0,10554109323.0,2014.0,46.0,1.0,3.0,10,10,200000,0.8766512823856464,100000,1,False,50,,57,1
435,53.7084398976982,2014.0,10551100724.0,10559110871.0,46.0,46.0,1.0,1.0,2.0,3.0,151.0,10553104217.0,2014.0,46.0,1.0,3.0,10,10,200000,0.8766512823856464,100000,1,False,50,,57,1
436,38.7096774193548,2014.0,10551100724.0,10559110871.0,46.0,46.0,1.0,1.0,2.0,3.0,136.0,10551102019.0,2014.0,46.0,1.0,3.0,10,10,200000,0.8766512823856464,100000,1,False,50,,57,1
437,909.090909090909,2014.0,10553105653.0,10559110551.0,46.0,46.0,1.0,1.0,3.0,3.0,364.0,10558107465.0,2014.0,46.0,1.0,3.0,10,10,200000,0.8766512823856464,100000,1,False,50,,40,18
438,34.4395742016281,2014.0,10551100724.0,10559110871.0,46.0,46.0,1.0,1.0,2.0,3.0,29.0,10559101668.0,2014.0,46.0,1.0,3.0,10,10,200000,0.8766512823856464,100000,1,False,50,,57,1
439,57.2143634385201,2014.0,10551100724.0,10559110871.0,46.0,46.0,1.0,1.0,2.0,3.0,315.0,10557105861.0,2014.0,46.0,1.0,3.0,10,10,200000,0.8766512823856464,100000,1,False,50,,57,1
440,3.92395982783357,2014.0,10551100724.0,10559110871.0,46.0,46.0,1.0,1.0,2.0,3.0,134.0,10552107363.0,2014.0,46.0,1.0,3.0,10,10,200000,0.8766512823856464,100000,1,False,50,,57,1
441,79.646017699115,2014.0,10553105653.0,10559110551.0,46.0,46.0,1.0,1.0,3.0,3.0,221.0,10557109051.0,2014.0,46.0,1.0,3.0,10,10,200000,0.8766512823856464,100000,1,False,50,,40,18
442,55.6113408151211,2014.0,10551100724.0,10559110871.0,46.0,46.0,1.0,1.0,2.0,3.0,319.0,10552101237.0,2014.0,46.0,1.0,3.0,10,10,200000,0.8766512823856464,100000,1,False,50,,57,1
443,39.8860398860399,2014.0,10551100724.0,10559110871.0,46.0,46.0,1.0,1.0,2.0,3.0,359.0,10555102729.0,2014.0,46.0,1.0,3.0,10,10,200000,0.8766512823856464,100000,1,False,50,,57,1
444,75.5140723721999,2014.0,10551100724.0,10559110871.0,46.0,46.0,1.0,1.0,2.0,3.0,286.0,10551105930.0,2014.0,46.0,1.0,3.0,10,10,200000,0.8766512823856464,100000,1,False,50,,57,1
445,4.63768115942029,2014.0,10551100724.0,10559110871.0,46.0,46.0,1.0,1.0,2.0,3.0,96.0,10552109716.0,2014.0,46.0,1.0,3.0,10,10,200000,0.8766512823856464,100000,1,False,50,,57,1
446,230.058774139379,2014.0,10553105653.0,10559110551.0,46.0,46.0,1.0,1.0,3.0,3.0,139.0,10558106015.0,2014.0,46.0,1.0,3.0,10,10,200000,0.8766512823856464,100000,1,False,50,,40,18
447,334.745762711864,2014.0,10551100724.0,10559110871.0,46.0,46.0,1.0,1.0,2.0,3.0,205.0,10551109633.0,2014.0,46.0,1.0,3.0,10,10,200000,0.8766512823856464,100000,1,False,50,,57,1
448,111.842263696568,2014.0,10551100724.0,10559110871.0,46.0,46.0,1.0,1.0,2.0,3.0,129.0,10556104065.0,2014.0,46.0,1.0,3.0,10,10,200000,0.8766512823856464,100000,1,False,50,,57,1
449,31.25,2014.0,10553105653.0,10559110551.0,46.0,46.0,1.0,1.0,3.0,3.0,131.0,10555101274.0,2014.0,46.0,1.0,3.0,10,10,200000,0.8766512823856464,100000,1,False,50,,40,18
450,22.0338983050847,2014.0,10551100724.0,10559110871.0,46.0,46.0,1.0,1.0,2.0,3.0,26.0,10557110550.0,2014.0,46.0,1.0,3.0,10,10,200000,0.8766512823856464,100000,1,False,50,,57,1
451,7692.5,2014.0,10551101218.0,10555106917.0,46.0,46.0,1.0,1.0,3.0,3.0,279.0,10555105138.0,2014.0,46.0,1.0,3.0,10,10,200000,0.8766512823856464,100000,1,False,50,,12,2
452,26.424523441525,2014.0,10551101218.0,10555106917.0,46.0,46.0,1.0,1.0,3.0,3.0,270.0,10554102712.0,2014.0,46.0,1.0,3.0,10,10,200000,0.8766512823856464,100000,1,False,50,,12,2
453,52.0618556701031,2014.0,10551101218.0,10555106917.0,46.0,46.0,1.0,1.0,3.0,3.0,333.0,10552106640.0,2014.0,46.0,1.0,3.0,10,10,200000,0.8766512823856464,100000,1,False,50,,12,2
454,26.774595267746,2014.0,10551101218.0,10555106917.0,46.0,46.0,1.0,1.0,3.0,3.0,122.0,10553110670.0,2014.0,46.0,1.0,3.0,10,10,200000,0.8766512823856464,100000,1,False,50,,12,2
455,49.9288025889968,2014.0,10551101218.0,10555106917.0,46.0,46.0,1.0,1.0,3.0,3.0,250.0,10554102265.0,2014.0,46.0,1.0,3.0,10,10,200000,0.8766512823856464,100000,1,False,50,,12,2
456,0.0,2014.0,10551101218.0,10555106917.0,46.0,46.0,1.0,1.0,3.0,3.0,223.0,10553100924.0,2014.0,46.0,1.0,3.0,10,10,200000,0.8766512823856464,100000,1,False,50,,12,2
457,63.8900862068965,2014.0,10551101218.0,10555106917.0,46.0,46.0,1.0,1.0,3.0,3.0,337.0,10551101218.0,2014.0,46.0,1.0,3.0,10,10,200000,0.8766512823856464,100000,1,False,50,,12,2
458,78.4955028618152,2014.0,10551101218.0,10555106917.0,46.0,46.0,1.0,1.0,3.0,3.0,61.0,10554110751.0,2014.0,46.0,1.0,3.0,10,10,200000,0.8766512823856464,100000,1,False,50,,12,2
459,200.746987951807,2014.0,10551101218.0,10555106917.0,46.0,46.0,1.0,1.0,3.0,3.0,240.0,10553103546.0,2014.0,46.0,1.0,3.0,10,10,200000,0.8766512823856464,100000,1,False,50,,12,2
460,294.294294294294,2014.0,10551101218.0,10555106917.0,46.0,46.0,1.0,1.0,3.0,3.0,273.0,10552100129.0,2014.0,46.0,1.0,3.0,10,10,200000,0.8766512823856464,100000,1,False,50,,12,2
461,202.635914332784,2014.0,10554102252.0,10559110866.0,46.0,46.0,1.0,1.0,3.0,3.0,98.0,10557101360.0,2014.0,46.0,1.0,3.0,10,10,200000,0.8602777313987489,100000,1,False,50,,11,23
462,36.9919786096257,2014.0,10554102252.0,10559110866.0,46.0,46.0,1.0,1.0,3.0,3.0,158.0,10555107231.0,2014.0,46.0,1.0,3.0,10,10,200000,0.8602777313987489,100000,1,False,50,,11,23
463,72.4529447480267,2014.0,10554102252.0,10559110866.0,46.0,46.0,1.0,1.0,3.0,3.0,281.0,10556107957.0,2014.0,46.0,1.0,3.0,10,10,200000,0.8602777313987489,100000,1,False,50,,11,23
464,61.0236220472441,2014.0,10554102252.0,10559110866.0,46.0,46.0,1.0,1.0,3.0,3.0,336.0,10559110866.0,2014.0,46.0,1.0,3.0,10,10,200000,0.8602777313987489,100000,1,False,50,,11,23
465,100.323624595469,2014.0,10554102252.0,10559110866.0,46.0,46.0,1.0,1.0,3.0,3.0,198.0,10559102168.0,2014.0,46.0,1.0,3.0,10,10,200000,0.8602777313987489,100000,1,False,50,,11,23
466,41.7651694247439,2014.0,10554102252.0,10559110866.0,46.0,46.0,1.0,1.0,3.0,3.0,66.0,10556106557.0,2014.0,46.0,1.0,3.0,10,10,200000,0.8602777313987489,100000,1,False,50,,11,23
467,139.154929577465,2014.0,10554102252.0,10559110866.0,46.0,46.0,1.0,1.0,3.0,3.0,202.0,10556110644.0,2014.0,46.0,1.0,3.0,10,10,200000,0.8602777313987489,100000,1,False,50,,11,23
468,203.991130820399,2014.0,10554102252.0,10559110866.0,46.0,46.0,1.0,1.0,3.0,3.0,274.0,10554102252.0,2014.0,46.0,1.0,3.0,10,10,200000,0.8602777313987489,100000,1,False,50,,11,23
469,64.1711229946524,2014.0,10554102252.0,10559110866.0,46.0,46.0,1.0,1.0,3.0,3.0,81.0,10555107631.0,2014.0,46.0,1.0,3.0,10,10,200000,0.8602777313987489,100000,1,False,50,,11,23
470,79.2843866171004,2014.0,10554102252.0,10559110866.0,46.0,46.0,1.0,1.0,3.0,3.0,257.0,10558107435.0,2014.0,46.0,1.0,3.0,10,10,200000,0.8602777313987489,100000,1,False,50,,11,23
471,168.214090660841,2014.0,10551101218.0,10555106917.0,46.0,46.0,1.0,1.0,3.0,3.0,193.0,10551108750.0,2014.0,46.0,1.0,3.0,10,10,200000,0.850485348861671,100000,1,False,50,,12,2
472,202.020905923345,2014.0,10554102252.0,10559110866.0,46.0,46.0,1.0,1.0,3.0,3.0,178.0,10559107535.0,2014.0,46.0,1.0,3.0,10,10,200000,0.850485348861671,100000,1,False,50,,11,23
473,2414.63414634146,2014.0,10553105653.0,10559110551.0,46.0,46.0,1.0,1.0,3.0,3.0,147.0,10558107379.0,2014.0,46.0,1.0,3.0,10,10,200000,0.850485348861671,100000,1,False,50,,40,18
474,1025.64102564103,2014.0,10553105653.0,10559110551.0,46.0,46.0,1.0,1.0,3.0,3.0,64.0,10555105212.0,2014.0,46.0,1.0,3.0,10,10,200000,0.850485348861671,100000,1,False,50,,40,18
475,40.2097902097902,2014.0,10551101218.0,10555106917.0,46.0,46.0,1.0,1.0,3.0,3.0,9.0,10552102234.0,2014.0,46.0,1.0,3.0,10,10,200000,0.850485348861671,100000,1,False,50,,12,2
476,84.5267958950969,2014.0,10553105653.0,10559110551.0,46.0,46.0,1.0,1.0,3.0,3.0,265.0,10557100731.0,2014.0,46.0,1.0,3.0,10,10,200000,0.850485348861671,100000,1,False,50,,40,18
477,32.8373524884556,2014.0,10553105653.0,10559110551.0,46.0,46.0,1.0,1.0,3.0,3.0,335.0,10557106254.0,2014.0,46.0,1.0,3.0,10,10,200000,0.850485348861671,100000,1,False,50,,40,18
478,6.72947510094213,2014.0,10551100724.0,10559110871.0,46.0,46.0,1.0,1.0,2.0,3.0,133.0,10552108555.0,2014.0,46.0,1.0,3.0,10,10,200000,0.850485348861671,100000,1,False,50,,57,1
479,26.7345639719924,2014.0,10551108210.0,10559111056.0,46.0,46.0,1.0,1.0,3.0,4.0,116.0,10559110432.0,2014.0,46.0,1.0,4.0,10,10,200000,0.850485348861671,100000,1,False,50,,19,12
480,125.070422535211,2014.0,10551108210.0,10559111056.0,46.0,46.0,1.0,1.0,3.0,4.0,202.0,10556110644.0,2014.0,46.0,1.0,4.0,10,10,200000,0.850485348861671,100000,1,False,50,,19,12
481,1.73761946133797,2014.0,10551108210.0,10559111056.0,46.0,46.0,1.0,1.0,3.0,4.0,3.0,10558105914.0,2014.0,46.0,1.0,4.0,10,10,200000,0.850485348861671,100000,1,False,50,,19,12
482,82.6446280991736,2014.0,10551108210.0,10559111056.0,46.0,46.0,1.0,1.0,3.0,4.0,146.0,10559111056.0,2014.0,46.0,1.0,4.0,10,10,200000,0.850485348861671,100000,1,False,50,,19,12
483,47.1586511885019,2014.0,10551108210.0,10559111056.0,46.0,46.0,1.0,1.0,3.0,4.0,285.0,10558103316.0,2014.0,46.0,1.0,4.0,10,10,200000,0.850485348861671,100000,1,False,50,,19,12
484,75.9162303664921,2014.0,10551108210.0,10559111056.0,46.0,46.0,1.0,1.0,3.0,4.0,38.0,10557110659.0,2014.0,46.0,1.0,4.0,10,10,200000,0.850485348861671,100000,1,False,50,,19,12
485,951.980198019802,2014.0,10551108210.0,10559111056.0,46.0,46.0,1.0,1.0,3.0,4.0,276.0,10557108440.0,2014.0,46.0,1.0,4.0,10,10,200000,0.850485348861671,100000,1,False,50,,19,12
486,120.689655172414,2014.0,10551108210.0,10559111056.0,46.0,46.0,1.0,1.0,3.0,4.0,346.0,10556104064.0,2014.0,46.0,1.0,4.0,10,10,200000,0.850485348861671,100000,1,False,50,,19,12
487,387.205882352941,2014.0,10551108210.0,10559111056.0,46.0,46.0,1.0,1.0,3.0,4.0,235.0,10553104140.0,2014.0,46.0,1.0,4.0,10,10,200000,0.850485348861671,100000,1,False,50,,19,12
488,55.455207574654,2014.0,10551108210.0,10559111056.0,46.0,46.0,1.0,1.0,3.0,4.0,301.0,10551108210.0,2014.0,46.0,1.0,4.0,10,10,200000,0.850485348861671,100000,1,False,50,,19,12
489,61.3254203758655,2014.0,10551108210.0,10559111056.0,46.0,46.0,1.0,1.0,3.0,4.0,83.0,10553107573.0,2014.0,46.0,1.0,4.0,10,10,200000,0.850485348861671,100000,1,False,50,,19,12
490,415.198237885463,2014.0,10551108210.0,10559111056.0,46.0,46.0,1.0,1.0,3.0,4.0,200.0,10559101141.0,2014.0,46.0,1.0,4.0,10,10,200000,0.8664279994272315,100000,1,False,50,,19,12
491,2404.87804878049,2014.0,10551108210.0,10559111056.0,46.0,46.0,1.0,1.0,3.0,4.0,147.0,10558107379.0,2014.0,46.0,1.0,4.0,10,10,200000,0.8664279994272315,100000,1,False,50,,19,12
492,537.117647058824,2014.0,10551108210.0,10559111056.0,46.0,46.0,1.0,1.0,3.0,4.0,298.0,10555105256.0,2014.0,46.0,1.0,4.0,10,10,200000,0.8664279994272315,100000,1,False,50,,19,12
493,62.1382636655949,2014.0,10551108210.0,10559111056.0,46.0,46.0,1.0,1.0,3.0,4.0,239.0,10552110880.0,2014.0,46.0,1.0,4.0,10,10,200000,0.8664279994272315,100000,1,False,50,,19,12
494,88.958742632613,2014.0,10551108210.0,10559111056.0,46.0,46.0,1.0,1.0,3.0,4.0,268.0,10554106848.0,2014.0,46.0,1.0,4.0,10,10,200000,0.8664279994272315,100000,1,False,50,,19,12
495,34.3612334801762,2014.0,10551108210.0,10559111056.0,46.0,46.0,1.0,1.0,3.0,4.0,20.0,10559100036.0,2014.0,46.0,1.0,4.0,10,10,200000,0.8664279994272315,100000,1,False,50,,19,12
496,64.5161290322581,2014.0,10551108210.0,10559111056.0,46.0,46.0,1.0,1.0,3.0,4.0,197.0,10554110074.0,2014.0,46.0,1.0,4.0,10,10,200000,0.8664279994272315,100000,1,False,50,,19,12
497,82.3712948517941,2014.0,10551108210.0,10559111056.0,46.0,46.0,1.0,1.0,3.0,4.0,180.0,10551110421.0,2014.0,46.0,1.0,4.0,10,10,200000,0.8664279994272315,100000,1,False,50,,19,12
